"deezer_album_id","title","artist","release_date","upc","record_type","nb_tracks","first_track_id","found_on","attempts"
"1109129472","Rubber Soul (Super Deluxe)","The Beatles","2026-10-02","881061135630","album","68","4316774392","2026-10-08","0"
"1081346612","enough isn't enough","Heath Lancaster","2026-10-02","5064089820749","single","1","4293195822","2026-10-08","0"
"1105748032","American Classic","The Tuten Brothers","2026-10-02","700766758732","single","1","4308808572","2026-10-08","0"
"1111568772","FEELING YOU","August","2026-10-01","700566573849","single","1","4323184372","2026-10-08","0"
"1070381872","Plane Wreck at Los Gatos (Deportee) [feat. John Fullbright, Garrison Starr, Beth Nielsen Chapman & Jeff Black]","Amy Speace","2026-10-02","885288300949","single","1","4264953062","2026-10-08","0"
"1081192032","Better By The Ocean","Kyle Clark","2026-10-02","5064079541180","album","21","4292832832","2026-10-08","0"
"1111869762","The Naughty List","Bleeding Fingers","2026-10-01","885288756319","album","12","4323860902","2026-10-08","0"
"1111761402","Talk To Me","Lucky Daye","2026-10-02","054391216977","single","1","4323604082","2026-10-08","0"
"1110401692","Take Me to Church","Joseph Vincent","2026-10-05","199999739883","single","1","4320303482","2026-10-08","0"
"1073975092","Flying Blind","Slash","2026-10-02","8721554563477","single","1","4273911062","2026-10-08","0"
"1081068912","WIDE AWAKE","me n ü","2026-10-02","612891251906","single","1","4292542122","2026-10-08","0"
"1115254712","Dead Company","Royal Blood","2026-10-06","1200214654993","single","1","4331933122","2026-10-08","0"
"1111588572","LOCKED IN","Josh Vietti","2026-10-01","700566481731","single","1","4323224002","2026-10-08","0"
"1074184072","Fortunate Son","Luke Thompson","2026-10-02","8717931359214","single","1","4274472302","2026-10-08","0"
"1110495472","4th Charge","Jahshii","2026-10-02","199890244165","single","1","4320540962","2026-10-08","0"
"1116019952","Spoons","Rayla","2026-10-07","700540189127","single","1","4333873692","2026-10-08","0"
"1017313851","Little Drummer Boy","Paul Cardall","2026-10-02","881453085550","single","1","4122168471","2026-10-08","0"
"1070106562","Over the Garden Wall","Adam Chance","2026-10-02","885000445804","single","1","4264227782","2026-10-08","0"
"1080363562","Fall Down","Conner Smith","2026-10-02","634607540739","single","3","4290590582","2026-10-08","0"
"1081514742","Mr Charm","The Rolling Stones","2026-10-01","881061568841","single","2","4293625432","2026-10-08","0"
"1072770552","Bratva 2027","Bee gs","2026-10-02","885288516029","single","1","4270576882","2026-10-08","0"
"1104854332","Meg og Gutta (Wunderkind)","Prima","2026-10-02","885288680416","single","1","4306809662","2026-10-08","0"
"1111183382","Hils på TEDDY BOYS","Kursiv","2026-10-02","885288740066","single","1","4322216972","2026-10-08","0"
"1104039062","away he goes","Eric Kane","2026-10-02","990312401421","single","1","4305003612","2026-10-08","0"
"1065034811","Pitter Patter","Martin Hagfors","2026-10-02","7041889528172","single","1","4251226111","2026-10-08","0"
"1111346582","Seethayanam","SRI","2026-10-01","700566780292","album","7","4322654832","2026-10-08","0"
"1059946852","On The Edge Of Opening 2.0","Lee Harris","2026-10-02","881453630996","single","1","4238389002","2026-10-08","0"
"1060052612","Hell of a Ride","Maria and the Coins","2026-10-02","701546581526","album","5","4238659782","2026-10-08","0"
"1115216982","Breakfast","Blush","2026-10-06","700540611543","ep","4","4331851982","2026-10-08","0"
"1113134172","Mirror","Blush","2026-10-04","700563628757","ep","5","4326703102","2026-10-08","0"
"1112494702","Never Mind","DCMusicLove","2026-10-02","700566453776","ep","4","4325412572","2026-10-08","0"
"1101869722","Of Course","GREYLEE","2026-10-02","193436488020","single","3","4299360102","2026-10-08","0"
"1105177802","All The Shine","Jobe","2026-10-01","700766789293","single","1","4307525782","2026-10-08","0"
"1113756582","Do Too Much","Zachary Nelson","2026-10-04","700563168673","album","12","4328001212","2026-10-08","0"
"1042274632","Union Square","Benjamin Hightower","2026-10-07","712132107303","single","1","4191851902","2026-10-08","0"
"1080810342","Follow You Down","Topic","2026-10-02","8721554662408","single","1","4291821892","2026-10-08","0"
"1112161392","Divin Féminin","ILINCA","2026-10-07","881061715757","album","12","4324612062","2026-10-08","0"
"1047303672","Run","MVRE","2026-10-02","823375356394","single","1","4206552452","2026-10-08","0"
"1115314752","Concentration","Archer","2026-10-05","700563010415","single","3","4332099452","2026-10-08","0"
"1110826142","Mechanical","Archer","2026-10-01","991061383679","single","1","4321302522","2026-10-08","0"
"1081075992","Easy","Clouds And Thorns","2026-10-02","700891081422","single","1","4292557782","2026-10-08","0"
"1108748882","The Island","Miles Hardt","2026-10-02","885288681215","single","3","4315919492","2026-10-08","0"
"1074702472","Enough","Matt Ngesa","2026-10-02","5059449450520","single","1","4275708122","2026-10-08","0"
"1075767882","Event Horizon","Isaac Levi","2026-10-02","712132178310","single","1","4278662022","2026-10-08","0"
"1110564692","Bless Your Name (Live)","Tauren Wells","2026-10-02","881061704355","single","2","4320711112","2026-10-08","0"
"1057575412","I Hope You're Happy","Ali Gatie","2026-10-02","882068656753","single","1","4232118612","2026-10-08","0"
"1080761102","Mina C'mon","HRVY","2026-10-06","5054290255980","single","1","4291664062","2026-10-08","0"
"1075009602","Goodbye Fly","HRVY","2026-10-01","5054290235937","single","1","4276545992","2026-10-08","0"
"1113579082","Fall For You Twice (feat. Naya)","Henrik","2026-10-04","700563419256","single","1","4327618012","2026-10-08","0"
"1113579342","Take The Long Way Home (feat. Naya)","Henrik","2026-10-04","700563417603","single","1","4327618982","2026-10-08","0"
"1113580602","After Midnight (feat. Naya)","Henrik","2026-10-04","700563416620","single","1","4327622882","2026-10-08","0"
"1112018602","Stay Until the Morning (feat. Naya)","Henrik","2026-10-02","700566302807","single","1","4324232672","2026-10-08","0"
"1112248752","The Last Goodbye (feat. NAYA)","Henrik","2026-10-02","700566192996","single","1","4324866522","2026-10-08","0"
"1111828962","Leave Your Jacket by the Door (feat. Naya)","Henrik","2026-10-01","700566436762","single","1","4323756542","2026-10-08","0"
"1102309162","삶의 모든 순간에","Yuan","2026-10-05","5064089941260","single","1","4300304692","2026-10-08","0"
"1100265792","Psalm 23 .part2","Yuan","2026-10-02","5064089881528","single","1","4295137212","2026-10-08","0"
"1100680132","A New Song","Yuan","2026-10-02","5064089893712","single","1","4296140612","2026-10-08","0"
"1101383052","Declare [Digital Single1]","Yuan","2026-10-02","5064089878993","single","1","4297683282","2026-10-08","0"
"1111705332","Welcome To Miami","David Allen","2026-10-03","700566424479","single","1","4323486492","2026-10-08","0"
"1111707762","Welcome To Austin","David Allen","2026-10-03","700566421980","single","1","4323492802","2026-10-08","0"
"1108117412","Welcome To Gainesville","David Allen","2026-10-01","700574040159","single","1","4314073922","2026-10-08","0"
"1114070122","Esho Phire","Monali Thakur","2026-10-07","885288762327","single","1","4328787582","2026-10-08","0"
"1113789032","Lo Mejor de Música Cristiana de Alabanza Y Adoración","Alabanzas Cristianas","2026-10-07","700566015127","album","11","4328099742","2026-10-08","0"
"1079210362","Cristo entra en tu silencio","Alabanzas Cristianas","2026-10-08","700891575273","single","1","4287245732","2026-10-08","0"
"1110270542","Jesus sabe donde te duele","Alabanzas Cristianas","2026-10-08","687848077014","single","1","4319856772","2026-10-08","0"
"1078647432","Jesús Conoce Ese Vacío","Alabanzas Cristianas","2026-10-06","700891862281","single","1","4285899522","2026-10-08","0"
"1078645982","Dios vio tu noche","Alabanzas Cristianas","2026-10-03","700891863646","single","1","4285896582","2026-10-08","0"
"1078632162","La Misericordia Tocó Mi Puerta","Alabanzas Cristianas","2026-10-01","700891863882","single","1","4285857302","2026-10-08","0"
"1101812222","When Love and Hate Collide","Dave Moffatt","2026-10-02","5056793624478","single","1","4299126832","2026-10-08","0"
"1080828222","In Your Eyes (Acoustic)","Mateo Oxley","2026-10-02","5056793624331","single","1","4291897562","2026-10-08","0"
"1115019762","Money for Nothing","Darin","2026-10-07","196874771693","single","2","4331339072","2026-10-08","0"
"1110357082","10.02","Noël","2026-10-03","711209004378","single","3","4320182262","2026-10-08","0"
"1103959712","Where a go","Noël","2026-09-28","5064080095696","single","1","4304832402","2026-10-08","1"
"1103547162","Panon poe","Noël","2026-09-27","5064080055928","single","1","4303848602","2026-10-08","1"
"1103556072","Stoppable","Noël","2026-09-27","5064080055638","single","1","4303870822","2026-10-08","1"
"1116699222","Toretoret","Noël","2026-09-27","5064078329321","single","1","4335521892","2026-10-08","1"
"1101811982","Man I Need (Acoustic)","Amber Leigh Irish","2026-10-02","5056793624447","single","1","4299126172","2026-10-08","0"
"1071012502","I LOVE HER!","Adeline Hill","2026-10-02","881453872488","single","1","4266450182","2026-10-08","0"
"1101666512","MAGDALENA (Aldrig Sur)","Rasmus Gozzi","2026-10-02","8721639018441","single","1","4298479062","2026-10-08","0"
"1112515622","The Only Way Outta Here (feat. Emma G)","Eli Lev","2026-10-08","700566490092","single","1","4325466082","2026-10-08","0"
"1078559792","One Right Here","Andrea Bocelli","2026-10-02","881061607083","single","1","4285643722","2026-10-08","0"
"1048223902","Voodoo Dolls","Group Project","2026-10-06","881864865482","single","1","4208833202","2026-10-08","0"
"1113625692","graveyard","KLARA","2026-10-07","700563271861","album","5","4327715372","2026-10-08","0"
"1104039442","Ain't Built For Leaving","Chris Kläfford","2026-10-02","881061576723","single","1","4305004682","2026-10-08","0"
"996750591","It's Okay","Louyah","2026-10-02","5063964672992","single","1","4059722361","2026-10-08","0"
"1068599621","Nobody","Able Heart","2026-10-02","700997952589","single","1","4260202681","2026-10-08","0"
"1101544122","Landslide","Matt Schuster","2026-10-02","634607720483","single","1","4298073502","2026-10-08","0"
"950748811","Hurts","Bryson Jarrett","2026-10-02","825642772401","single","1","3930185601","2026-10-08","0"
"1051445182","Crush (Music From The Motion Picture)","Kevin Sargent","2026-10-02","5016959012778","album","24","4216596922","2026-10-08","0"
"1074703082","Music I Love","Rosa Linn","2026-10-02","196874748312","single","1","4275713642","2026-10-08","0"
"1081600442","Through My Window","Synne","2026-10-02","885288549225","single","1","4293891122","2026-10-08","0"
"1104173602","Party's In The Back (Remix)","DELTONA","2026-10-02","881061591061","single","1","4305274382","2026-10-08","0"
"1110330312","The Boys of Dungeon Lane (Special Edition)","Paul McCartney","2026-10-07","881061209010","album","18","4320073832","2026-10-08","0"
"1076582862","Untitled","Arbour Season","2026-10-02","7316483335540","single","1","4280872112","2026-10-08","0"
"1075966032","The Pen","Bre Kennedy","2026-10-02","881453922329","single","1","4279216652","2026-10-08","0"
"1067208761","Change Your Direction (Calling You Home)","Ulrich Jannert","2026-10-02","701486572332","single","1","4256456671","2026-10-08","0"
"1081496132","Inte här","Petter","2026-10-02","196874795729","single","2","4293574552","2026-10-08","0"
"1071740752","Damascus Road","Nathanael Martin","2026-10-02","888193452352","single","1","4268202212","2026-10-08","0"
"1108982322","Running Down to Cuba","Jonathan Young","2026-10-07","7316483503383","single","3","4316403892","2026-10-08","0"
"1104104922","Everything Is Right Where It Needs To Be","Benjamin Steer","2026-10-01","8721554999184","single","1","4305130052","2026-10-08","0"
"1102489842","Popping My Shit","Fee","2026-10-01","888193725937","single","1","4300883302","2026-10-08","0"
"1104039342","How You Been","Dustin Lynch","2026-10-02","881061534341","single","1","4305004412","2026-10-08","0"
"1111846722","Glück auf den Strassen - Deluxe Edition","Max Giesinger","2026-10-02","4262517412530","album","17","4323804822","2026-10-08","0"
"1111736282","War For You","Katie Garfield","2026-10-05","700566402194","single","1","4323551952","2026-10-08","0"
"1111776042","Only a Dream","Katie Garfield","2026-10-05","700566386746","single","1","4323639952","2026-10-08","0"
"1113161552","Can Anybody Save Me","Katie Garfield","2026-10-05","700563604225","single","1","4326755562","2026-10-08","0"
"1104011152","Hearts Don't Break","Blake Proehl","2026-10-02","881061273608","album","6","4304939532","2026-10-08","0"
"1105001842","Low Light","The Human Experience","2026-10-02","840507992992","single","1","4307135052","2026-10-08","0"
"1000501191","Songs From The Wedding Cake","Blossoms","2026-10-02","820233479820","album","10","4071481981","2026-10-08","0"
"1104039462","Potatislåten","Laleh","2026-10-02","881061592860","single","1","4305004702","2026-10-08","0"
"1108526942","change it back","Shay O'Dowd","2026-10-08","5063930095145","album","4","4315379632","2026-10-08","0"
"1080396252","when december comes","liv romano","2026-10-02","885288610741","single","1","4290689072","2026-10-08","0"
"1105786412","Murder by Mistletoe","Darren Kiely","2026-10-02","196874742532","single","1","4308896552","2026-10-08","0"
"1102979722","Bullets (Remastered 2026)","Creed","2026-10-01","888072838260","single","1","4302498592","2026-10-08","0"
"1101606422","Sweet Dreams","TommyMuzzic","2026-10-02","8721026082741","ep","5","4298291782","2026-10-08","0"
"1106279272","Nothing But a Child / On the Road to Bethlehem","Buddy Miller","2026-10-02","607396663132","single","2","4310331512","2026-10-08","0"
"1102285802","L'ultima generazione felice","ALECO","2026-10-01","634065181949","album","10","4300255992","2026-10-08","0"
"1116654102","Sad Rain","ALECO","2026-10-08","700536864663","single","1","4335410562","2026-10-08","0"
"1103477722","Mi Chico","ALECO","2026-10-05","5064090089043","single","1","4303669042","2026-10-08","0"
"1111808352","nuestro momento","ALECO","2026-10-02","700566368353","single","1","4323709462","2026-10-08","0"
"968488931","One","JJ Heller","2026-10-02","859736692832","album","9","3982086271","2026-10-08","0"
"1079035372","Homecoming","Sandra McCracken","2026-10-02","859746237696","ep","6","4286828782","2026-10-08","0"
"1103871242","Gameshow","Skream & Benga","2026-10-02","196874826676","single","3","4304657302","2026-10-08","0"
"1079350892","Easy to Go","Ike Dweck","2026-10-02","700891495663","single","1","4287598802","2026-10-08","0"
"1108851902","cash cow","WAI","2026-10-01","888193822476","single","1","4316122142","2026-10-08","0"
"1108910112","Oxygène, Pt. 1 (2026 Remaster)","Jean-Michel Jarre","2026-10-06","881061679844","single","1","4316248562","2026-10-08","0"
"1115671402","Ted Lasso: Season 4 (Apple TV Original Series Soundtrack)","Tom Howe","2026-10-07","794043230127","album","18","4332845832","2026-10-08","0"
"1115015542","DOVE DORME LA LUCE","Wild","2026-10-05","700563191992","single","1","4331318752","2026-10-08","0"
"1081630422","Bli hjå meg","Ingebjørg Bratland","2026-10-02","196874789902","single","1","4294006092","2026-10-08","0"
"1113548202","WE DON'T SAY ENOUGH","Elian Frost","2026-10-08","700563441929","single","1","4327557642","2026-10-08","0"
"1108922452","The Life I Kept Postponing","Elian Frost","2026-10-06","700573928977","single","1","4316273242","2026-10-08","0"
"1108922072","I Forgot To Be Happy","Elian Frost","2026-10-04","700574137323","single","1","4316272432","2026-10-08","0"
"1106011052","What Remains Is Enough","Elian Frost","2026-10-01","700575800134","single","1","4309480922","2026-10-08","0"
"1111564182","Insanity","Virtual Riot","2026-10-05","742779566980","single","1","4323174082","2026-10-08","0"
"1081891402","One Prayer Away","Manafest","2026-10-05","700813565788","single","1","4294774152","2026-10-08","0"
"1080932172","Misery","Mainline","2026-10-02","881453995385","single","1","4292181812","2026-10-08","0"
"1109346732","KANGEN","Dita","2026-10-01","3618117109751","single","1","4317330022","2026-10-08","0"
"1110784472","Heroes (2026 Mix)","Def Leppard","2026-10-08","881061569602","single","1","4321207652","2026-10-08","0"
"1049282692","Lilith (Reimagined)","Kriss","2026-10-02","881864255009","single","1","4211453572","2026-10-08","0"
"1110833062","Damn Good Company","Endless Taverns","2026-10-06","700566814256","single","1","4321317562","2026-10-08","0"
"1111107522","Nottingham Forest F.C. Song","Football Poet","2026-10-04","700566704854","single","1","4322017572","2026-10-08","0"
"1110827502","Ipswich Town F.C. Song (2026-2027)","Football Poet","2026-10-03","700566816854","single","1","4321305082","2026-10-08","0"
"1110829222","Hull City A.F.C. Song (2026-2027)","Football Poet","2026-10-02","700566819374","single","1","4321308452","2026-10-08","0"
"1107593452","Tranquila","Matilda","2026-10-01","700574541168","single","1","4313030812","2026-10-08","0"
"1071262072","Heavenbound","Tritonal","2026-10-02","612891227710","single","2","4267122012","2026-10-08","0"
"1054388042","Long Walk","James Travis Wade","2026-10-01","882011495392","single","1","4224345902","2026-10-08","0"
"1110660062","Trust In You","SON.","2026-10-02","700573850865","single","1","4320916202","2026-10-08","0"
"1101637442","ANOTHER ONE","Sigma","2026-10-02","5053760160847","single","1","4298375782","2026-10-08","0"
"1104309012","Taking The Long Way (20th Anniversary Edition)","The Chicks","2026-10-02","196874645574","album","19","4305560192","2026-10-08","0"
"933785861","A War Inside Of Me","David Hodges","2026-10-05","3618028730136","single","1","3884691171","2026-10-08","0"
"1114400652","My Lady","Aamir","2026-10-04","859748032848","single","1","4329658572","2026-10-08","0"
"1111027152","RCL Anthem - Hunger Free Bharat","Aarav Chopra","2026-10-03","8909571231979","single","1","4321808842","2026-10-08","0"
"1103574972","All My Exes","Garnic","2026-10-06","5064080058899","single","1","4303921702","2026-10-08","0"
"1111829562","Circles","James Blunt","2026-10-02","1200220079780","single","1","4323758582","2026-10-08","0"
"1073246542","RAMZTEK","Ramzi","2026-10-07","840200580816","album","7","4271962212","2026-10-08","0"
"1114176422","Wrong Side Of Zero","Flatland Sugar","2026-10-06","700563018282","single","1","4329118732","2026-10-08","0"
"1115183862","Desnúdate / I want to see you dance","Carl","2026-10-08","700540633828","single","2","4331777952","2026-10-08","0"
"1110142262","Odyssey_EP","Vax","2026-10-02","700573146036","single","3","4319385042","2026-10-08","0"
"1108183132","Perfect Match","Stella Maria","2026-10-02","3618116995218","single","1","4314237252","2026-10-08","0"
"1105082052","Miss what it's like","My Alibi","2026-10-07","700813363711","single","1","4307312442","2026-10-08","0"
"1018829931","Halfway Home","Gareth","2026-10-02","823375277408","album","13","4126239461","2026-10-08","0"
"1104421252","30 or 21","Ian Harrison","2026-10-02","196874776735","single","1","4305787662","2026-10-08","0"
"1103672992","Careless Whisper (Live in Paris, 1988)","George Michael","2026-10-08","196874826249","single","1","4304196412","2026-10-08","0"
"1100198372","Blow The Slump Away (Steve Aoki Remix)","Steve Aoki","2026-10-02","3618116542160","single","1","4294975272","2026-10-08","0"
"1108035532","Here It Is","John Legend","2026-10-05","881061640257","single","1","4313884492","2026-10-08","0"
"1103420452","Dans mes rêves (In my dreams)","Joyce Jonathan","2026-10-02","5051083243599","single","1","4303533392","2026-10-08","0"
"1102756552","KIDZ BOP Halloween 2026","KIDZ BOP Kids","2026-10-01","881061548720","album","100","4301806522","2026-10-08","0"
"1108439312","When It Rains It Pours","Fuzzy Butt Bassel","2026-10-08","5064090214094","single","1","4315102582","2026-10-08","0"
"1108398362","Cash Bar at the Rapture","Fuzzy Butt Bassel","2026-10-07","5064090209472","single","1","4314935472","2026-10-08","0"
"1100930462","Act Your Wage","Fuzzy Butt Bassel","2026-10-02","5064089927530","single","1","4296664352","2026-10-08","0"
"1101184422","We're All Whores With Different Prices","Fuzzy Butt Bassel","2026-10-01","5064089927462","single","1","4297239112","2026-10-08","0"
"1107851072","Darkness Still Remembers","Harukhel","2026-10-02","700574268270","single","1","4313550762","2026-10-08","0"
"1111646432","Man Ain't Me","Soulidified","2026-10-02","075679558480","single","1","4323363692","2026-10-08","0"
"902248812","Heartbreak Looks Good On Me","CHARLS","2026-10-01","199806680148","album","13","3788692702","2026-10-08","0"
"1104174252","Islands In The Stream","Meshell Ndegeocello","2026-10-02","881061073604","single","1","4305275572","2026-10-08","0"
"1056209202","Live From A Living Room","Jordy Searcy","2026-10-02","882061496691","album","16","4228529902","2026-10-08","0"
"1074513292","POTSER","Wesley","2026-10-01","700971832302","single","2","4275205472","2026-10-08","0"
"1054183052","3AM","Tinie Tempah","2026-10-02","3618115280889","ep","4","4223822122","2026-10-08","0"
"1104176752","We Were Only Young","Kodaline","2026-10-02","888072786271","album","12","4305279972","2026-10-08","0"
"1108661602","Cold Blue Dawn","Kings Of Leon","2026-10-02","823375485919","single","2","4315735752","2026-10-08","0"
"1101857132","Füür i de Seelä (Live)","Eliane","2026-10-02","4062851356480","single","1","4299332372","2026-10-08","0"
"1076417012","Friend Like You (SUPERPOWERS Drum & Bass Remix)","SUPERPOWERS","2026-10-02","881453854880","single","1","4280398802","2026-10-08","0"
"1115924542","Synesthesia","the Northern Lights","2026-10-05","700540827234","album","23","4333608312","2026-10-08","0"
"1011923961","Sunriser (All-Nighter)","Lee Brice","2026-10-02","194646086563","album","32","4105982641","2026-10-08","0"
"1067571431","I Want You Everywhere","Jonny Houlihan","2026-10-02","701486494016","single","1","4257404261","2026-10-08","0"
"1079378962","This Dream Of You","Martin Garrix","2026-10-02","823375445852","single","1","4287667172","2026-10-08","0"
"1110556972","Uncertain, TX (Spanish Version)","Kacey Musgraves","2026-10-06","881061653158","single","1","4320695142","2026-10-08","0"
"1100768192","Michelangelo","Trygve Skaug","2026-10-02","7045790014342","single","1","4296319882","2026-10-08","0"
"1104174542","Be Real Black For Me","Meshell Ndegeocello","2026-10-02","881061073963","single","1","4305275962","2026-10-08","0"
"1105880782","It Feels Like Christmas","Fall Out Boy","2026-10-06","8721639056320","single","1","4309109222","2026-10-08","0"
"1115997632","Don’t Love Me","Riley Addams","2026-10-06","742040223031","single","3","4333809632","2026-10-08","0"
"1114204142","I’m Not the Bride","Riley Addams","2026-10-04","742040153543","single","1","4329198652","2026-10-08","0"
"1113762332","Call Me Again","Riley Addams","2026-10-02","742040145289","single","1","4328017742","2026-10-08","0"
"1104175902","Man In The Box","HARDY","2026-10-02","881061658788","single","1","4305278052","2026-10-08","0"
"1107520562","Retro Blues","Jethro","2026-10-07","5064090181914","album","14","4312878952","2026-10-08","0"
"1102252952","Jazzala","Jethro","2026-10-01","5064089946210","album","15","4300165082","2026-10-08","0"
"1113403492","Shadows call","Jethro","2026-10-04","700563447228","single","3","4327248442","2026-10-08","0"
"1116539622","Had Enough","Unspoken","2026-10-06","700540368669","single","1","4335145262","2026-10-08","0"
"1102923652","BAD BITCH MUSIC","Dahl","2026-10-08","888193763649","album","8","4302385572","2026-10-08","0"
"1113581252","PERFECTLY LONELY & FREE","Matt Gresham","2026-10-05","700563380648","single","1","4327623992","2026-10-08","0"
"1076375552","mirrorworld","Council","2026-10-06","5063720682975","single","1","4280284422","2026-10-08","0"
"1080751372","Sway","Jada Facer","2026-10-02","5056793624379","single","1","4291641772","2026-10-08","0"
"1109429892","Iko Iko (Live at 3rd and Lindsley)","Tabitha Meeks","2026-10-02","708208914920","single","1","4317557542","2026-10-08","0"
"1069955142","Fall","John Allred","2026-10-02","700997374077","album","4","4263768602","2026-10-08","0"
"1110266472","Street Kids (Piano / Vocal Version)","Elton John","2026-10-07","881061568988","single","1","4319845512","2026-10-08","0"
"1071155272","As the sun sets","Midnight Hour","2026-10-02","1963624980297","single","1","4266849122","2026-10-08","0"
"1076892152","Jude 20","COL Worship","2026-10-02","676126559014","single","1","4281786112","2026-10-08","0"
"1104011182","Draw You Out (From The Hunger Games: Sunrise on the Reaping - The Album)","Noah Kahan","2026-10-02","881061547549","single","1","4304940702","2026-10-08","0"
"1111851402","Hard To be Around","Tiësto","2026-10-02","075679559647","single","1","4323814292","2026-10-08","0"
"1056358382","Midnight Chess Club","Sam Palladio","2026-10-02","885288342468","single","1","4228930982","2026-10-08","0"
"1103667612","Missing Piece (Sick Individuals Remix)","Frank Walker","2026-10-02","196874797853","single","1","4304181372","2026-10-08","0"
"1080721332","Zombie Walk","Bogoo's Best Day","2026-10-01","5059449455204","single","1","4291547932","2026-10-08","0"
"1057081152","My Midwest Best","Knox","2026-10-02","075679569202","album","12","4230699752","2026-10-08","0"
"1111464042","Back To You (Inspired by The Traveler)","Oh, Hush!","2026-10-01","712132214568","single","1","4322919232","2026-10-08","0"
"1104176672","Summer Clothes","Michael Kiwanuka","2026-10-02","881061381747","single","1","4305279892","2026-10-08","0"
"1078032522","i’m sorry for how i was to you (Live Studio Session)","Chris Coleman","2026-10-02","700904224488","single","1","4284292412","2026-10-08","0"
"1106724512","Birds Singing Past Midnight","Eric Brooks","2026-10-06","5064080255267","single","1","4311253172","2026-10-08","0"
"1106743942","Dreams Beyond the Las","Eric Brooks","2026-10-06","5064080255175","single","1","4311299792","2026-10-08","0"
"1103210982","A River Without Memory","Eric Brooks","2026-10-02","5064080022890","single","1","4302994962","2026-10-08","0"
"1103033802","Rain Inside Silent Gardens","Eric Brooks","2026-10-01","5064080799778","single","1","4302619482","2026-10-08","0"
"1103056352","Amber Smoke Around Distant Towers","Eric Brooks","2026-10-01","5064080000591","single","1","4302667182","2026-10-08","0"
"1104039022","Pa'lante (Live)","Gateway Worship Español","2026-10-02","850084019234","single","1","4305003352","2026-10-08","0"
"1115682252","Two Ways To Say It","Sloane","2026-10-06","700540395214","album","5","4332878742","2026-10-08","0"
"1109749732","Fire In My Hair","Sloane","2026-10-02","700573671361","album","15","4318367402","2026-10-08","0"
"1112070282","Everything They Don't","Sloane","2026-10-01","700566367127","ep","4","4324369232","2026-10-08","0"
"1113304012","A Question In My Teeth","Sloane","2026-10-04","700563533563","single","2","4327047912","2026-10-08","0"
"1070845062","3:49","Sloane","2026-10-01","700989946237","single","1","4265981232","2026-10-08","0"
"1103464422","Honeysuckle Sunday","Sloane","2026-10-01","5064080043628","single","1","4303638422","2026-10-08","0"
"1104011132","Here Comes The Church (Live)","Tauren Wells","2026-10-02","602478770364","album","17","4304939352","2026-10-08","0"
"1110351462","Here Comes The Church - Second Service","Tauren Wells","2026-10-02","881061621348","album","34","4320163372","2026-10-08","0"
"1108617732","Not Guilty (Live)","Tauren Wells","2026-10-02","881061681786","single","1","4315621202","2026-10-08","0"
"1108617772","Let The Church Sing (Live)","Tauren Wells","2026-10-02","881061681885","single","1","4315621242","2026-10-08","0"
"1108617792","Thank You For The Cross (Live)","Tauren Wells","2026-10-02","881061681977","single","1","4315621262","2026-10-08","0"
"1110564792","Gracias Por La Cruz (Live)","Tauren Wells","2026-10-02","881061704539","single","1","4320711322","2026-10-08","0"
"1080116092","Go For Broke","Mighty Oaks","2026-10-02","4068992825083","single","1","4289693052","2026-10-08","0"
"1076345492","Beast Mode","Saint Chaos","2026-10-02","4068992822815","single","1","4280196842","2026-10-08","0"
"1079746092","Through The Waves","Jae Jin","2026-10-02","885288604184","single","1","4288618742","2026-10-08","0"
"1106843612","Epistemophobia","Scott Ritchie","2026-10-02","700575142630","single","1","4311502882","2026-10-08","0"
"1040253652","Hot Rod Heart","Matt Jordan","2026-10-02","881392771309","album","11","4182360852","2026-10-08","0"
"1111114732","Prem Keetanu Original Motion Picture Soundtrack","Sachet-Parampara","2026-09-30","8909024121253","album","7","4322037832","2026-10-08","1"
"1113475632","Sabar (From ""Bhoomi 2026"")","Salim-Sulaiman","2026-10-08","1200220222810","single","1","4327426442","2026-10-08","0"
"1116710172","Chora Byah Ke Laungi","Armaan Malik","2026-10-08","3618117438585","single","1","4335548352","2026-10-08","0"
"1104699702","Dragonheart - To the Stars (Epic Version)","Mathias Fritsche","2026-10-02","619567418496","single","1","4306454862","2026-10-08","0"
"1104020392","Crisco","Miranda Lambert","2026-10-02","600574205421","album","12","4304962762","2026-10-08","0"
"1104011142","Snakeskin Boots","Miranda Lambert","2026-10-02","881061097815","single","1","4304939522","2026-10-08","0"
"1112966002","Aube","Velvet Moon","2026-10-03","700563760396","single","1","4326380382","2026-10-08","0"
"1058295332","Circles","Horizon Blue","2026-10-02","1200214903411","single","1","4234023492","2026-10-08","0"
"1104147022","More To Say","Masetti","2026-10-02","700597078115","single","1","4305219522","2026-10-08","0"
"1116530212","LONDON HAS FALLEN","JAYY","2026-10-08","7333596160845","album","13","4335120742","2026-10-08","0"
"1069862751","PlaceForte Tape","Swal","2026-10-01","4071624167000","album","22","4263492901","2026-10-08","0"
"1116525252","Vamp","Maybe","2026-10-08","700536932379","single","1","4335110192","2026-10-08","0"
"1116532652","I Like","Maybe","2026-10-08","700536927177","single","1","4335126422","2026-10-08","0"
"1114058282","paparazzi","Maybe","2026-10-05","5064097168505","single","1","4328755182","2026-10-08","0"
"1101550482","Aphrodite","Tanner Adell","2026-10-02","634607638931","single","1","4298094122","2026-10-08","0"
"1064631341","Lean into Love","SECMOS","2026-10-02","1200214887995","single","1","4250152881","2026-10-08","0"
"1075759232","That Don't Impress Me Much (feat. Garnic)","Mareva","2026-10-02","5064115585833","single","1","4278628552","2026-10-08","0"
"1100740522","RARE","Tungevaag","2026-10-02","885288691771","single","2","4296262912","2026-10-08","0"
"1102977582","Frontiers: Hypersleep Expansion Pack","Droid Bishop","2026-10-02","7316483434878","album","8","4302493072","2026-10-08","0"
"1110173532","Viva la vita (con Francesco Gabbani)","Ornella Vanoni","2026-10-06","881061701750","single","1","4319496742","2026-10-08","0"
"1069317831","Never Gonna Be Enough","Ryan Harris","2026-10-08","700997861393","single","2","4262256331","2026-10-08","0"
"1111829062","Mariô","David Guetta","2026-10-02","1200220146673","single","1","4323756692","2026-10-08","0"
"1104028622","Take It All","Alexis Arai","2026-10-02","850073041321","single","1","4304981502","2026-10-08","0"
"1106975442","California (Cover)","Ninski","2026-10-02","708208901678","single","1","4311794492","2026-10-08","0"
"1103018282","I Think You're In Love With Me","Madeline Merlo","2026-10-02","700813319138","single","1","4302585442","2026-10-08","0"
"1111823872","Gjøre det igjen","C.BASTIAN","2026-10-02","1200220106172","single","1","4323745502","2026-10-08","0"
"1108445282","Cartwheels (Reimagined) (Album)","Ward Thomas","2026-10-02","8721639092366","album","14","4315128052","2026-10-08","0"
"1081867832","I Have a Dream (Acoustic)","Jae Hall","2026-10-02","5056793624423","single","1","4294696282","2026-10-08","0"
"1105548152","Shine","Lucy Thomas","2026-10-02","5037300089478","single","1","4308355512","2026-10-08","0"
"1106459922","Why not (feat. Unxqly Dan)","Astrid","2026-10-02","700575464916","single","1","4310711062","2026-10-08","0"
"1114078382","la neta si se escucha bien feo w","Mariette","2026-10-05","7333596104320","single","1","4328809442","2026-10-08","0"
"1114337292","dasdadfffggg","Mariette","2026-10-05","7333596109493","single","1","4329520512","2026-10-08","0"
"1068946941","Goodbye, Forever","Rhys Lewis","2026-10-07","3618115874620","single","1","4261227161","2026-10-08","0"
"1104193172","Find My Peace","Rivvrs","2026-10-08","5059449459394","single","1","4305315422","2026-10-08","0"
"1104009362","Slow Burn","Megan Davies","2026-10-08","700766826509","single","1","4304936192","2026-10-08","0"
"1080893542","Dancing With The Rain","Saco","2026-10-02","5064140665944","single","1","4292083262","2026-10-08","0"
"1111709012","Homage","Saco","2026-10-02","700566414616","single","1","4323495312","2026-10-08","0"
"1062147962","We Never Said Our Goodbyes","Lachie Gill","2026-10-02","602478888786","ep","6","4243679472","2026-10-08","0"
"1114811952","The Unforgiving Sea","Mosaic","2026-10-05","700540822192","single","1","4330724162","2026-10-08","0"
"1070407122","Boys of Summer","GUS","2026-10-02","700997235507","single","1","4265011992","2026-10-08","0"
"1039182142","Self Control","Afrostylez","2026-10-02","5064041073336","single","1","4179593252","2026-10-08","0"
"1075768122","Autumn Aura","Andrew Gialanella","2026-10-02","1963625000062","album","9","4278662672","2026-10-08","0"
"1053533522","Before The World Falls Apart (MEDZ Remix)","Said The Sky","2026-10-02","8721554159397","single","2","4222178242","2026-10-08","0"
"1112282042","Overdrive (feat. Norma Jean Martine) (Cloned Version)","Ofenbach","2026-10-02","1200220238774","single","2","4324960972","2026-10-08","0"
"1081021572","2 Sides","Mass of Man","2026-10-02","700891098048","single","1","4292423432","2026-10-08","0"
"1107457702","Aşk ve Paranoya","Moi","2026-10-02","700574612608","single","1","4312758822","2026-10-08","0"
"1074232782","With You","Gaudion","2026-10-01","5064089387440","single","1","4274584452","2026-10-08","0"
"1104178002","Born For You","Mark Ambor","2026-10-02","881061556190","single","1","4305283062","2026-10-08","0"
"1110715652","Past The Gates","NEEDTOBREATHE","2026-10-08","881061557357","single","1","4321026962","2026-10-08","0"
"1011708181","Il Merlo","SKAAR","2026-10-02","8057715135420","single","1","4105312511","2026-10-08","0"
"1111855512","LATE AGAIN","SKAAR","2026-10-02","1200220142880","single","1","4323823802","2026-10-08","0"
"1114554232","The 20th Anniversary Collection","Zimpraise","2026-10-01","885000683930","album","4","4330001122","2026-10-08","0"
"1110636872","2SIDE (feat. HUH GANG)","Talent","2026-10-01","700574708660","single","1","4320872372","2026-10-08","0"
"1108204192","Rebitxeng","Pretty Panther","2026-10-07","5064090196741","single","1","4314293782","2026-10-08","0"
"1108334062","Walk On Faith","Nathan Carter","2026-10-02","5064090206167","single","1","4314698132","2026-10-08","0"
"1101964412","Våga - Det bästa från ""Se mig bara för den jag är""","Magnus Carlsson","2026-10-02","7350060851900","album","12","4299578072","2026-10-08","0"
"1101841622","Våga","Magnus Carlsson","2026-10-02","7350060851931","single","1","4299262932","2026-10-08","0"
"1104038542","Smashes, Thrashes & Hits","Kiss","2026-10-02","881061645467","album","15","4305001332","2026-10-08","0"
"1072809392","God Has a Plan","Oslo Gospel Choir","2026-10-02","885288491074","single","1","4270716502","2026-10-08","0"
"1104037452","Not Your Bella","Nicole da Silva","2026-10-02","881061610144","single","1","4304997452","2026-10-08","0"
"1101579332","Just One Bite","Jim Yosef","2026-10-02","5064140089153","single","1","4298178902","2026-10-08","0"
"993420271","Slow Motion Memory Fade","Ruelle","2026-10-01","7316482601752","single","1","4051043121","2026-10-08","0"
"1078559692","Nashville","Peter Maffay","2026-10-02","196874335994","album","11","4285643482","2026-10-08","0"
"1104174402","It Ain't Me Babe","Meshell Ndegeocello","2026-10-02","881061073888","single","1","4305275822","2026-10-08","0"
"1112297422","Warrior (Cover)","Svrcina","2026-10-08","742040103012","single","1","4324998062","2026-10-08","0"
"1103612682","Feel It in the Air","Svrcina","2026-10-01","787960871184","single","1","4304022102","2026-10-08","0"
"1111841462","Love I'm Giving","DeeNucka","2026-10-01","1200220207237","single","1","4323795122","2026-10-08","0"
"1079631682","Few I Call Mine","Ethan Rivers","2026-10-02","676126515256","single","1","4288326252","2026-10-08","0"
"1081522052","I Won't Forget","We The Kingdom","2026-09-25","881061436379","single","2","4293650722","2026-10-08","2"
"1108704812","7 SEULEMENT","Magic System","2026-10-08","196874832349","single","1","4315828942","2026-10-08","0"
"1075587222","Two Hearts","Cesc Sansalvadó","2026-10-02","5064089474003","single","1","4277977132","2026-10-08","0"
"1070763242","What Kinda Mess","Kate Voegele","2026-10-02","700989958575","single","1","4265783082","2026-10-08","0"
"1105544832","Baby Boom Boom","Micauro","2026-10-02","4069977552437","single","1","4308346362","2026-10-08","0"
"1100737852","Teleportation (Unbound)","Lim","2026-10-02","885288674750","single","1","4296258552","2026-10-08","0"
"1074266682","Crazy World","Girl Named Tom","2026-10-02","027297661974","single","2","4274663472","2026-10-08","0"
"1059214972","Won't Miss A Moment","Francesca Battistelli","2026-10-02","194646566362","single","2","4236499732","2026-10-08","0"
"1081763162","Pijnstiller","Suzan & Freek","2026-10-01","196874706398","single","1","4294382362","2026-10-08","0"
"1080244312","You Remain (Radio Version)","Terrian","2026-10-02","669447022336","single","1","4290251572","2026-10-08","0"
"1102576892","Altars","Terrian","2026-10-02","5064090033077","single","1","4301200862","2026-10-08","0"
"1102577072","Promises","Terrian","2026-10-02","5064090033503","single","1","4301202132","2026-10-08","0"
"1072537612","I wonder if you're thinking about me","Jack Hawitt","2026-10-02","859745689151","ep","5","4269973472","2026-10-08","0"
"1071372682","Just Like That","ROZES","2026-10-02","700989630310","single","1","4267377652","2026-10-08","0"
"1109747172","You&I","Labrinth","2026-10-02","196874839614","ep","5","4318360902","2026-10-08","0"
"1104176442","Work of Heart - Heartstrings","Flatland Cavalry","2026-10-02","881061363248","album","17","4305279432","2026-10-08","0"
"1110985452","Spaceman Says Jump","Daniel Shaw","2026-10-01","7333596028350","single","1","4321682992","2026-10-08","0"
"1110989802","Red Wine Strawberry Disco","Daniel Shaw","2026-10-01","7333596028800","single","1","4321697402","2026-10-08","0"
"1110989972","Flying Feeling Free","Daniel Shaw","2026-10-01","7333596028718","single","1","4321698142","2026-10-08","0"
"1078910382","Summer Slipped","The Quiet North","2026-09-30","700891680809","single","1","4286511482","2026-10-08","0"
"1110539092","Mind Body & Soul","Joss Stone","2026-10-02","881061697541","album","15","4320651272","2026-10-08","0"
"1103666992","Dança da Corujinha","JR JR","2026-10-03","8721554972569","single","1","4304180592","2026-10-08","0"
"1110779312","Carry On","Matisyahu","2026-10-05","676126333133","single","1","4321195972","2026-10-08","0"
"1074684132","Cruel","Alex Porat","2026-10-02","885288534375","single","1","4275643652","2026-10-08","0"
"1071337812","Where We Can’t Be Found","Tim & The Glory Boys","2026-10-02","700989649510","single","1","4267299372","2026-10-08","0"
"1080398872","Message To Love (Live At Berkeley - 1st Show)","Jimi Hendrix","2026-10-02","196874793077","single","1","4290694952","2026-10-08","0"
"1104142242","butterfly","gnash","2026-10-04","700597103947","single","1","4305208522","2026-10-08","0"
"1104174832","Radiostar","Livingston","2026-10-02","881061622895","single","1","4305276432","2026-10-08","0"
"1026788012","Millionaires","Companion","2026-10-05","883005189068","single","3","4147841832","2026-10-08","0"
"1104175602","Fuckery (Me & Mr Jones - Original Demo)","Amy Winehouse","2026-10-02","881061303404","single","1","4305277642","2026-10-08","0"
"1068466901","The Opposite Of Chaotic","Juliette Reilly","2026-10-02","700997992646","single","1","4259853981","2026-10-08","0"
"1102979662","Dreamers","Take That","2026-10-01","881061647423","single","1","4302498472","2026-10-08","0"
"1072927062","Keep Living","cedu","2026-10-02","4065328955483","single","1","4271049922","2026-10-08","0"
"1115493212","ECSTASY","Chanin","2026-10-06","700540463555","single","1","4332472862","2026-10-08","0"
"1113735642","THE DAY I FOUND YOU","Chanin","2026-10-05","700563180330","single","1","4327954422","2026-10-08","0"
"1080258482","Toxic","Jens O.","2026-10-02","4069977545750","single","2","4290289302","2026-10-08","0"
"965288601","Being Human","Scott Quinn","2026-10-02","199109268852","album","10","3971753891","2026-10-08","0"
"1101749612","Rainbow Connection","Stevenson Everett","2026-10-02","859746901092","single","1","4298891652","2026-10-08","0"
"1108863522","Fight In Me","Egzod","2026-10-02","8721554653901","single","1","4316148472","2026-10-08","0"
"1080378342","Evergreen","Last Heroes","2026-10-02","612891247848","single","1","4290636452","2026-10-08","0"
"1112131302","Focus (시선)","Strive to Be","2026-10-02","7316483543471","single","1","4324539602","2026-10-08","0"
"1116412242","We Knew Who We Were","ERIICE","2026-10-08","700575116037","single","1","4334845822","2026-10-08","0"
"1067536521","I Was Stone (Oliver Rio Remix)","SYML","2026-10-02","067003039581","single","2","4257321641","2026-10-08","0"
"1113124232","Throw It On In The Back (Track By Track Commentary)","Just Pete","2026-10-06","700563632402","album","8","4326683612","2026-10-08","0"
"1112145772","October","Just Pete","2026-10-07","700566214308","single","1","4324572402","2026-10-08","0"
"1104058532","Breathe Into Peace","Liam Cooper","2026-10-02","8721554988171","album","5","4305040632","2026-10-08","0"
"1076327242","Aura Cleaning - Dreamscape (432Hz)","Liam Cooper","2026-10-02","8721554653161","single","1","4280143992","2026-10-08","0"
"1108529262","Looking Back - Live","Tom Grennan","2026-10-01","196874799000","single","2","4315387202","2026-10-08","0"
"1102777482","Starfish","Eirik Næss","2026-10-09","7333595867516","single","1","4301906022","2026-10-09","0"
"1109187622","Autumn Comes (Live Session)","David Gramberg","2026-10-09","4068992836119","single","2","4316915812","2026-10-09","0"
"1015043641","Low Clouds","August","2026-10-09","7316482803767","single","1","4116004791","2026-10-09","0"
"1076852742","Flow","&friends","2026-10-09","8721554658456","single","1","4281667812","2026-10-09","0"
"1111624912","Let's Stop Fucking Around","Devon Gilfillian","2026-10-09","888072843462","album","4","4323308022","2026-10-09","0"
"1071150762","Outer Lands","Jordan Critz","2026-10-09","881453838552","single","1","4266832552","2026-10-09","0"
"1100403472","NESTE KAPITTEL - KAPITTEL 1","Hkeem","2026-10-09","196874815052","single","2","4295461532","2026-10-09","0"
"1108529062","WHISKEY WAS WHISKEY","Ashley Walls","2026-10-09","634607995850","single","1","4315386302","2026-10-09","0"
"1117366682","Sunrise","Josh Vietti","2026-10-08","859748296509","single","1","4337411142","2026-10-09","0"
"1109252992","Cloud 9","Thomas Oliver","2026-10-09","5064090283519","single","1","4317080722","2026-10-09","0"
"1112856192","Flenky Flenky","Taddy p","2026-10-09","669936914814","single","1","4326166982","2026-10-09","0"
"1101144252","Is It That Deep?","Cat Burns","2026-10-09","196874725122","single","1","4297146532","2026-10-09","0"
"1114028852","Is It That Deep?","Cat Burns","2026-10-08","196874822852","single","1","4328678852","2026-10-09","0"
"1078734052","All The Glory (Live)","Bethel Music","2026-10-09","611419119629","single","1","4286112922","2026-10-09","0"
"1103523652","Det Var Da","Emelie Hollow","2026-10-09","885288655445","single","1","4303789682","2026-10-09","0"
"1065545881","I Allow My Soul To Rise 2.0","Lee Harris","2026-10-09","881453757020","single","1","4252662351","2026-10-09","0"
"1061645282","One Way Ticket","Myra Granberg","2026-10-09","196874696996","single","1","4242333852","2026-10-09","0"
"1117122842","whats it gonna be?","Blush","2026-10-09","700536686784","single","1","4336759922","2026-10-09","0"
"1111635362","Jesse Latour / Hang Me Up To Dry (Phantogram Version)","Cold War Kids","2026-10-09","881061389200","single","2","4323334162","2026-10-09","0"
"1117544652","Kingdom of Fear (Acoustic)","Cameron Whitcomb","2026-10-09","075679559562","single","2","4337847692","2026-10-09","0"
"1117127812","EZ DUZ IT","Cyn","2026-10-09","700536681642","single","1","4336772202","2026-10-09","0"
"1074349742","Winterbreeze","Mully","2026-10-09","5054290173536","single","2","4274840622","2026-10-09","0"
"1108299782","Man I Need","Dan Berk","2026-10-09","5056793624539","single","1","4314561222","2026-10-09","0"
"1081847442","House Money","Cole Redding","2026-10-09","708208010691","single","1","4294637422","2026-10-09","0"
"1114243042","Do Better","Jonah Kagen","2026-10-09","196874821633","single","1","4329303202","2026-10-09","0"
"1114259092","Every Time I Feel the Spirit","Jamie Grace","2026-10-09","708208116232","album","4","4329339672","2026-10-09","0"
"1111635932","Woman In Chains","Tears For Fears","2026-10-09","881061561866","album","7","4323337292","2026-10-09","0"
"1112365562","Rolling Stone","Miles Hardt","2026-10-09","885288705959","album","4","4325151102","2026-10-09","0"
"1111081252","TOT TORNA (feat. Laia Pizà)","Marc","2026-10-09","700566743839","single","1","4321943642","2026-10-09","0"
"1078857572","Stacks of Stones","Nick Fradiani","2026-10-09","881453953392","single","1","4286385302","2026-10-09","0"
"1057574542","Wherever We Go","Ali Gatie","2026-10-09","882068655473","single","1","4232116772","2026-10-09","0"
"1108404242","Cold And Gray","Henrik","2026-10-09","048324769913","ep","3","4314950662","2026-10-09","0"
"1079864532","Mind Reader","Rosie Darling","2026-10-09","067003043991","single","1","4289004702","2026-10-09","0"
"1102312402","빛","Yuan","2026-10-09","5064089952426","single","1","4300311842","2026-10-09","0"
"1102445732","은혜로 사는 자","Yuan","2026-10-09","5064089995867","single","1","4300717482","2026-10-09","0"
"1102455942","다함 없는 사랑","Yuan","2026-10-09","5064090002745","single","1","4300756282","2026-10-09","0"
"1104755342","BURN (feat. Ava Max)","BigXthaPlug","2026-10-09","888193681424","single","1","4306586472","2026-10-09","0"
"1075055982","Gone Too Soon","In Paradise","2026-10-09","196874772805","single","1","4276658522","2026-10-09","0"
"1115446562","ESOTERIA","Byrne","2026-10-09","700540480309","album","4","4332373872","2026-10-09","0"
"1115568982","MADARA","EZ MIL","2026-10-09","881061614876","single","1","4332618572","2026-10-09","0"
"1115566132","MADARA","EZ MIL","2026-10-09","881061675556","single","1","4332612302","2026-10-09","0"
"1110217232","Spirits (MC4D Version)","MC4D","2026-10-09","048324771022","single","1","4319674522","2026-10-09","0"
"1076178032","Better Man","Brendan Murray","2026-10-09","859746013108","single","1","4279766542","2026-10-09","0"
"1108986742","Never Left The Ground","Nancy Daines","2026-10-09","700573684392","single","1","4316412592","2026-10-09","0"
"1110062102","EMPTY BED","FRÖKEN SNUSK","2026-10-09","8721639132260","single","1","4319168802","2026-10-09","0"
"1111689652","Stand in the Light","The Greatest Showman Ensemble","2026-10-09","8909571239029","single","1","4323454842","2026-10-09","0"
"1110078222","Stars","City Sessions","2026-10-09","7316483518172","single","1","4319213932","2026-10-09","0"
"1078909602","500 Miles","aeseaes","2026-10-09","881453972454","single","2","4286509472","2026-10-09","0"
"1080956002","Silent Serenade","Gabe Dixon","2026-10-09","712132187039","single","1","4292241472","2026-10-09","0"
"1078930992","Breathe In","Joshua Hyslop","2026-10-09","067003042475","single","1","4286570142","2026-10-09","0"
"1070268992","Sweet Talker","Chad Tepper","2026-10-09","881453865183","single","1","4264704012","2026-10-09","0"
"1028560712","Because He Lives","Mark Wills","2026-10-09","617884017866","single","1","4152506222","2026-10-09","0"
"1054491542","Here Goes Nothing","Late Night Thoughts","2026-10-09","634607593353","single","1","4224605952","2026-10-09","0"
"1072933792","Please Don't Let Go","Oklahoma","2026-10-09","885288509199","single","1","4271068902","2026-10-09","0"
"1115671182","Jingle Bells (From The Motion Picture ""Double Trouble"") (Radio Edit)","Katelyn Epperly","2026-10-09","700573522304","single","1","4332845432","2026-10-09","0"
"1105937342","FLAMA","Zippy ogar","2026-10-09","5907983615441","single","1","4309255042","2026-10-09","0"
"1064876691","Dyin' On The Vine","Kip Moore","2026-10-09","823375405320","single","2","4250826681","2026-10-09","0"
"1081569182","Never Told You","Synne","2026-10-09","885288580402","single","1","4293794772","2026-10-09","0"
"1043235142","Pick You Up","Sheryl Crow","2026-10-09","820233992862","album","7","4194569562","2026-10-09","0"
"1110822842","She Like","Max Boyle","2026-10-09","700566822428","single","1","4321295772","2026-10-09","0"
"1109806102","Beep Beep","DJ Fire House","2026-10-09","8447845276405","single","1","4318487442","2026-10-09","0"
"1111634492","My First Rodeo","The Prairie States","2026-10-09","044003516519","single","1","4323331912","2026-10-09","0"
"1075999512","Sleepyhead","Toploader","2026-10-09","5037300088792","single","1","4279293502","2026-10-09","0"
"1077216982","Letters to Myself, Pt. 1","Lee Cole","2026-10-09","700904850472","album","5","4282662762","2026-10-09","0"
"1117479982","Breathe","Tryon","2026-10-09","700536469943","single","1","4337685032","2026-10-09","0"
"1111267612","Rock N Rolling","Fee","2026-10-09","711209030391","single","1","4322459942","2026-10-09","0"
"1074350282","Change","PNAU","2026-10-09","5054290135039","single","1","4274841762","2026-10-09","0"
"1079713532","In the Air Tonight (Cinematic Version)","Matt MacLeod","2026-10-09","881453961632","single","1","4288538762","2026-10-09","0"
"1074790162","Werewolves (Unplugged)","Ludwig Hart","2026-10-09","885288505344","single","1","4275949532","2026-10-09","0"
"1017206111","Før du går","Odd Nordstoga","2026-10-09","196874510865","album","10","4121848401","2026-10-09","0"
"1062908541","Ghosts","Passenger","2026-10-09","067003029582","single","1","4245594611","2026-10-09","0"
"1079611082","Tick Tock","Jack Savoretti","2026-10-09","885288572759","single","2","4288273262","2026-10-09","0"
"1110527052","How's It Goin'","Bryan Adams","2026-10-09","5059449465128","single","3","4320620152","2026-10-09","0"
"1070078662","Stuck on You","Alex Crichton","2026-10-09","7316483267933","single","1","4264149272","2026-10-09","0"
"1109133792","Send Shots (N:Fostell Remix)","Rudimental","2026-10-09","823375498834","single","1","4316786402","2026-10-09","0"
"1116191682","The Sun Will Never Settle (Live from Malahide)","Kingfishr","2026-10-09","075679551900","single","1","4334317262","2026-10-09","0"
"1076701012","The Night We Met","William Fitzsimmons","2026-10-09","067003042772","single","1","4281221922","2026-10-09","0"
"1061646162","Best Friend","RYMAN LEON","2026-10-09","712132148276","single","3","4242335922","2026-10-09","0"
"1111780572","Country & Midwestern","Tigirlily Gold","2026-10-09","196874484432","album","16","4323648582","2026-10-09","0"
"1111677132","Close To Me (Solo)","Ellie Goulding","2026-10-09","881061627166","single","1","4323427662","2026-10-09","0"
"1115227642","Zombie (Live from the Riviera Theatre)","YUNGBLUD","2026-10-08","881061668589","single","2","4331872742","2026-10-09","0"
"1115219612","Songs For Fall","The Cranberries","2026-10-09","881061724711","album","7","4331856302","2026-10-09","0"
"1057413262","Here For You","Dawilk","2026-10-09","1200214892067","single","1","4231717532","2026-10-09","0"
"1111635222","Just That Good","Passion","2026-10-09","881061138181","single","1","4323333762","2026-10-09","0"
"1111620072","De Sidste Sommerfugle","Chris Burton","2026-10-09","881061662709","album","7","4323296352","2026-10-09","0"
"1111636272","Larger Than Life","Christopher","2026-10-09","881061612483","single","1","4323339642","2026-10-09","0"
"1040113352","The Phantom of the Opera (The Andrew Lloyd Webber 2026 Mix)","Andrew Lloyd Webber","2026-10-09","885288064759","album","29","4181933382","2026-10-09","0"
"1101829462","Ooh Laka Laka La","Enrique Iglesias","2026-10-09","823375471707","single","1","4299212152","2026-10-09","0"
"1111675822","Waste My Time","Marc Atlas","2026-10-09","044003516601","single","1","4323424472","2026-10-09","0"
"1100279122","The Best","Smash Into Pieces","2026-10-09","885288672374","single","2","4295169312","2026-10-09","0"
"1109659382","Oba hledali jsme štěstí","Carl","2026-10-09","1963629546108","single","1","4318153782","2026-10-09","0"
"1081888102","OPEN RANGE","TEMITOPE","2026-10-09","700813567850","single","3","4294764112","2026-10-09","0"
"1061813212","Cello Concerto: III. Meditazione","Danny Elfman","2026-10-09","1200214677619","single","2","4242820542","2026-10-09","0"
"1111677672","Little Miss Twain - The Places I'll Go","Shania Twain","2026-10-09","881061676362","album","21","4323429082","2026-10-09","0"
"1117441642","Empty in Your Arms","ZionRay","2026-10-08","859748298329","single","1","4337593352","2026-10-09","0"
"1111676492","April's Gone","Norah Jones","2026-10-09","881061473565","single","1","4323426362","2026-10-09","0"
"1040315682","I Want It ALL!","Jordy Searcy","2026-10-09","067003014298","single","1","4182559222","2026-10-09","0"
"1112306182","Ever Since U Left Me (UK Remix)","French Montana","2026-10-09","712132216654","single","2","4325016532","2026-10-09","0"
"1117560952","Fun","Chris Janson","2026-10-09","054391208774","single","1","4337888002","2026-10-09","0"
"1114515312","You’ll Be in My Heart","Boyce Avenue","2026-10-09","859748036761","single","1","4329924502","2026-10-09","0"
"1111963572","Home To Me (From the Motion Picture ""Jimmy"")","MŌRIAH","2026-10-09","885288567861","single","1","4324082532","2026-10-09","0"
"1072635982","Hollow (feat. Billie Veyne)","Jonny Houlihan","2026-10-09","700978760028","single","1","4270221602","2026-10-09","0"
"1103780052","La Da Di","Jones Monroe","2026-10-09","888193780141","single","1","4304449772","2026-10-09","0"
"1108641192","Carry You","Tim Halperin","2026-10-09","700573862905","single","1","4315689922","2026-10-09","0"
"1109865902","I Had Some Help","Bumpin Uglies","2026-10-09","708208972548","single","1","4318711402","2026-10-09","0"
"1111635872","Shaky Ground","Jeremy Camp","2026-10-09","199957976336","single","3","4323336582","2026-10-09","0"
"1108796922","Bones","Colton Dixon","2026-10-09","196874831021","single","1","4316009782","2026-10-09","0"
"1074728372","It's Gonna Be Us","Dahl","2026-10-09","4065328953106","single","2","4275783882","2026-10-09","0"
"1103942972","Passa dig","Jakob Karlberg","2026-10-09","823375482062","single","1","4304797342","2026-10-09","0"
"1080436292","Scars","Keywest","2026-10-09","859746391923","single","1","4290810572","2026-10-09","0"
"1111675972","NOT OK (CLUBSOS VOL. 1)","5 Seconds of Summer","2026-10-09","881061697626","single","1","4323424622","2026-10-09","0"
"1111718052","Kuna Matata","Anth","2026-10-09","700566416436","single","1","4323513672","2026-10-09","0"
"1111966472","Shady Tree","Luke Christopher","2026-10-09","700566362030","single","1","4324089592","2026-10-09","0"
"1112015272","Shady Tree (Radio Edit)","Luke Christopher","2026-10-09","700566359269","single","1","4324226062","2026-10-09","0"
"1110225602","The Brightest","Matt Simons","2026-10-09","1200220229437","single","1","4319702302","2026-10-09","0"
"1071154992","Reflections","Thymes","2026-10-09","1963624980808","single","1","4266848532","2026-10-09","0"
"1111634802","I Want It All Back (Live)","Tye Tribbett","2026-10-09","840468811318","single","1","4323332712","2026-10-09","0"
"967938931","Cottonwood Falls","Logan Mize","2026-10-09","193436469173","album","10","3980377161","2026-10-09","0"
"1073792272","Touch It","Damon Sharpe","2026-10-09","712132159562","single","1","4273395512","2026-10-09","0"
"1104971482","Drive Twice","C. James","2026-10-09","700766877983","single","1","4307068552","2026-10-09","0"
"1104594942","Cardboard Boxes","Robert Grace","2026-10-09","5064080152962","single","1","4306198832","2026-10-09","0"
"1109566662","WaterFall","RUXOLF","2026-10-09","5064149968183","single","1","4317937772","2026-10-09","0"
"1048558462","The Nature Of Chiron","Lindsey Ray","2026-10-09","1200214791704","single","1","4209670932","2026-10-09","0"
"1101837912","Nobody Says I Love You","Tim Schou","2026-10-09","823375469452","single","1","4299245732","2026-10-09","0"
"1111719202","She'll Never Be Me","Britney Spears","2026-10-09","196874839256","single","1","4323517662","2026-10-09","0"
"1078353492","Dreams","Allen Stone","2026-10-09","880882716356","single","1","4285128202","2026-10-09","0"
"1114312882","Dream I Shouldn't Have","JP Saxe","2026-10-09","193436489959","single","1","4329467542","2026-10-09","0"
"1111542182","Childlike Faith","Scott Ritchie","2026-10-09","700566520126","single","1","4323130672","2026-10-09","0"
"1113987582","The Land Before Time X Jurassic Park","Mathias Fritsche","2026-10-09","619567918019","single","1","4328590232","2026-10-09","0"
"1111867532","Close Encounters While Homeward Bound","Matt Hylom","2026-10-09","859747800837","album","8","4323854022","2026-10-09","0"
"1116999152","AMORE/DILEMMA","Baby K","2026-10-09","196874833742","single","1","4336394592","2026-10-09","0"
"1108729922","Don't Play Dumb","Vin Jay","2026-10-09","700573827027","single","1","4315881702","2026-10-09","0"
"1077291912","My Holy Water","Nick Isham","2026-10-09","700904789147","single","1","4282789302","2026-10-09","0"
"1117513632","MANAGE","Easton","2026-10-09","885975508337","single","1","4337772702","2026-10-09","0"
"1074255802","I Can't Pretend","Lily Meola","2026-10-09","067003039697","single","1","4274635622","2026-10-09","0"
"1018784111","If You Know Me You Know My Brother","Reuben And The Dark","2026-10-09","820233885348","album","10","4126118061","2026-10-09","0"
"1069087051","Never Get There","Claire Wright","2026-10-09","881453840074","single","2","4261621341","2026-10-09","0"
"1102764422","Jane (Acoustic)","Amber Run","2026-10-09","708208901098","single","1","4301841662","2026-10-09","0"
"1114246002","my bad","Thomas Day","2026-10-09","196874772430","album","5","4329310752","2026-10-09","0"
"1104189182","The Place where Opposites Meet","Jon D","2026-10-09","700597098144","single","1","4305308262","2026-10-09","0"
"1010451931","Hanging by a Heartstring","Mat Kearney","2026-10-09","722874619835","album","12","4101684081","2026-10-09","0"
"1074350452","Around The Get Down","Babs Presents","2026-10-09","5054290140729","single","3","4274842162","2026-10-09","0"
"1115455132","Caught Up","Marlon Hoffstadt","2026-10-09","881061621850","single","1","4332389152","2026-10-09","0"
"1075938892","A Dream","Avi Kaplan","2026-10-09","1963625002035","single","1","4279140212","2026-10-09","0"
"1104678912","I Don't Want To Miss A Thing (Acoustic)","Bailey Jehl","2026-10-09","619567643669","single","1","4306402572","2026-10-09","0"
"1067222951","White Noise","Against The Current","2026-10-09","193436485418","single","1","4256495271","2026-10-09","0"
"1112304552","It's Christmas Time Again","Chris Tomlin","2026-10-09","881061713555","single","1","4325013692","2026-10-09","0"
"1080492002","Blue Water Baby","Moncrieff","2026-10-09","708208003716","single","1","4290961192","2026-10-09","0"
"1111677582","What a View","Chris de Sarandy","2026-10-09","881061674207","single","1","4323428982","2026-10-09","0"
"1103777192","Make You Stay","Tyler Rich","2026-10-09","787960876097","single","1","4304441882","2026-10-09","0"
"1081145452","Days Like These","Sanctus Real","2026-10-09","5037300089171","single","3","4292728312","2026-10-09","0"
"1109609572","You're A Vampire","The National Parks","2026-10-09","7316483512569","single","1","4318037582","2026-10-09","0"
"1078892112","Love You To Death (Deluxe)","Julia Cole","2026-10-09","612891244441","album","19","4286464572","2026-10-09","0"
"1106652602","When I Was Your Man","Luke Silva","2026-10-09","700597400268","single","1","4311085022","2026-10-09","0"
"1074187312","That's What Scares Me","Sam DeRosa","2026-10-09","712132166362","single","1","4274480972","2026-10-09","0"
"1076638772","Until You","The Light The Heat","2026-10-09","067003041799","single","1","4281042012","2026-10-09","0"
"1073033132","zombie","Two Friends","2026-10-09","048324763768","single","1","4271328172","2026-10-09","0"
"1076397732","Don't Forget (About Me)","Lost Frequencies","2026-10-09","196874780947","single","1","4280344942","2026-10-09","0"
"1074733482","My Way Out","EFA","2026-10-09","5054290234107","single","1","4275796102","2026-10-09","0"
"1074144522","Someone You Love","Tim Dawn","2026-10-09","8717931359252","single","1","4274354402","2026-10-09","0"
"1075718342","Mood Swings","Siine","2026-10-09","7330178169661","single","1","4278500702","2026-10-09","0"
"1111635282","Kinda Love It","Lainey Wilson","2026-10-09","881061702719","single","2","4323334062","2026-10-09","0"
"1057157532","It's Me Who Has to Move On","Brendan Abernathy","2026-10-09","881453661556","single","2","4230906182","2026-10-09","0"
"1110951532","War Cry","Beacon Light","2026-10-09","4260571129296","single","1","4321601942","2026-10-09","0"
"1111929362","Doin' Alright","Nathan Carter","2026-10-09","5064090413268","album","14","4323994762","2026-10-09","0"
"1081016842","Head Pops Off","Alex Aiono","2026-10-09","787960682117","single","1","4292408752","2026-10-09","0"
"1116267032","Reach For The Stars","Pitbull","2026-10-08","885288788099","single","1","4334513502","2026-10-09","0"
"1080369402","In My Veins (VIP)","Beth","2026-10-09","5054290254587","single","3","4290609002","2026-10-09","0"
"1111780372","Break Up Like That","Nate Smith","2026-10-09","196874413432","single","1","4323648382","2026-10-09","0"
"1068910111","Fall Of The Seraphim","Jason Gray","2026-10-09","8718525409803","single","2","4261119151","2026-10-09","0"
"1074287522","Panic Attack","Alec Chambers","2026-10-09","700978049741","single","1","4274708812","2026-10-09","0"
"1074540842","BREAKEVEN","Joe McLeod","2026-10-09","700997522751","single","1","4275273512","2026-10-09","0"
"1117530852","Why Can I (Dub)","DeeNucka","2026-10-08","1200220224319","single","1","4337816902","2026-10-09","0"
"1100958172","Everything’s Changing","The Shapeshifters","2026-10-08","826194723095","single","2","4296728072","2026-10-09","0"
"1068194951","No False Hope","ConKi","2026-10-09","1200220040742","single","1","4259048001","2026-10-09","0"
"1075946012","I Need A Friend (Right Now)","Leah Marlene","2026-10-09","712132180061","single","1","4279158842","2026-10-09","0"
"1105954692","BAILA CONMIGO","Timebelle","2026-10-09","199316787993","single","1","4309296162","2026-10-09","0"
"1105901202","My Precious (ReImagine)","Lifehouse","2026-10-09","700575798349","single","1","4309164332","2026-10-09","0"
"1108331172","Find Your Way","Eben Jr.","2026-10-09","885288717457","single","1","4314678952","2026-10-09","0"
"1072688262","FGL (Me & You)","Max Jackson","2026-10-09","885288539530","single","1","4270354822","2026-10-09","0"
"1101876262","Sugarcoated","Voila","2026-10-09","193436488266","single","1","4299374412","2026-10-09","0"
"1106160282","Last Call For The Old Me","Jonah Marais","2026-10-09","193436488792","ep","4","4309946432","2026-10-09","0"
"1117549612","SÅ LENGE JEG LEVER","Chris Holsten","2026-10-09","1200220201716","single","1","4337862092","2026-10-09","0"
"1034685102","PITCOIN","Pitbull","2026-10-09","820233181570","album","24","4168455662","2026-10-09","0"
"1116266312","No Te Hagas (Remix)","Pitbull","2026-10-08","885288814101","single","1","4334510892","2026-10-09","0"
"1116267092","123 Back It Up","Pitbull","2026-10-08","885288794038","single","1","4334513692","2026-10-09","0"
"1116267102","Qué Calor (Remix)","Pitbull","2026-10-08","885288789577","single","1","4334513702","2026-10-09","0"
"1116267132","No Es Mi Problema","Pitbull","2026-10-08","885288864380","single","1","4334513742","2026-10-09","0"
"1116267142","Drink Alone","Pitbull","2026-10-08","885288789812","single","1","4334513752","2026-10-09","0"
"1116267162","Por Tenerte","Pitbull","2026-10-08","885288808315","single","1","4334513772","2026-10-09","0"
"1116267172","Tremenda Salsita","Pitbull","2026-10-08","885288864397","single","1","4334513782","2026-10-09","0"
"1116267182","Melao","Pitbull","2026-10-08","885288788990","single","1","4334513792","2026-10-09","0"
"1116267192","MIA Anthem","Pitbull","2026-10-08","885288807806","single","1","4334513802","2026-10-09","0"
"1070044822","Holy","The Moniker","2026-10-09","885288372908","single","1","4264048242","2026-10-09","0"
"1078227492","Change","L'aupaire","2026-10-09","4068992824178","single","1","4284791152","2026-10-09","0"
"1116247652","from scratch","Jessica Baio","2026-10-09","075679551856","single","1","4334455142","2026-10-09","0"
"1115831562","Chapter 7: All That It Takes","The Path","2026-10-09","881061720928","single","1","4333328822","2026-10-09","0"
"1116857432","Talking With Jesus","Daniel Shaw","2026-10-08","7333596177119","single","1","4335952572","2026-10-09","0"
"1116857852","The Confessional","Daniel Shaw","2026-10-08","7333596176891","single","1","4335953332","2026-10-09","0"
"1116900492","You Never Let Me Go","Daniel Shaw","2026-10-08","7333596179052","single","1","4336094012","2026-10-09","0"
"1044159122","Dive Right In","Sheffield","2026-10-09","882422086615","single","3","4196606692","2026-10-09","0"
"1105037752","Acoustic Hymns","Andrew Osenga","2026-10-09","5037300089225","album","10","4307219312","2026-10-09","0"
"1111719102","I Pity the Poor Immigrant (Live at Tarrant County Convention Center Arena, Fort Worth, TX - May 16, 1976)","Bob Dylan","2026-10-09","196874772973","single","1","4323517562","2026-10-09","0"
"1074756842","A LITTLE LESS","AVEC","2026-10-09","9120091293646","single","1","4275867512","2026-10-09","0"
"1110751752","Can't Get Her Out","Sam Nicholson","2026-10-09","700566861564","single","1","4321120342","2026-10-09","0"
"1075167092","made for this","Jamie Fine","2026-10-09","1200220093113","single","1","4276926132","2026-10-09","0"
"1104291492","Dança Maria Sofia","JR JR","2026-10-09","8721639046062","single","1","4305523832","2026-10-09","0"
"1117533712","Follow Me","Alec Benjamin","2026-10-09","075679567284","single","1","4337824332","2026-10-09","0"
"1043462772","Arms Reach","Wilder Adkins","2026-10-09","5037300078618","album","7","4195095162","2026-10-09","0"
"1111676562","By Your Side","Marc Scibilia","2026-10-09","888072840317","single","1","4323426622","2026-10-09","0"
"1070234302","Still Somewhere Here","Sofia Camara","2026-10-09","881061532750","ep","6","4264617642","2026-10-09","0"
"1117444692","Don’t Chart (from GTAVI: The Album)","Cardi B","2026-10-08","075679553669","single","1","4337604592","2026-10-09","0"
"1069547221","When We're 80","John Adams","2026-10-09","5056793624256","single","1","4262743831","2026-10-09","0"
"962692001","Over Now","Iskarelyn","2026-10-09","4065328879482","single","1","3964302481","2026-10-09","0"
"1009122381","After The Storm","Skillet","2026-10-09","712132036139","ep","6","4097316191","2026-10-09","0"
"1116962612","WHEN YOU WERE MINE","Chanin","2026-10-08","700536746778","single","1","4336262532","2026-10-09","0"
"1102327652","Safe and Sound","Fearless Soul","2026-10-09","885000598586","single","2","4300348222","2026-10-09","0"
"1074349102","Figured It Out","Lyge","2026-10-09","5054290119930","single","1","4274838762","2026-10-09","0"
"1117358662","A man from the future","Pet Shop Boys","2026-10-09","1200214337230","album","16","4337390032","2026-10-09","0"
"1118344892","Face the Wall (Bright-Side Mix)","Peter Gabriel","2026-10-10","884108020500","single","1","4339899972","2026-10-10","0"
"1118128912","Rise Up","Ronen","2026-10-09","700536207460","single","1","4339354532","2026-10-10","0"
"1118117872","LemonStar","SWVN","2026-10-09","700536198577","album","12","4339328532","2026-10-10","0"
"1118088362","Buck","Stealth","2026-10-09","700536227321","single","1","4339264782","2026-10-10","0"
"1079594412","Jesus vio lo que perdiste","Alabanzas Cristianas","2026-10-10","700891372292","single","1","4288232752","2026-10-10","0"
"1118238182","That Girl (feat. Vkv)","Fall In Luv","2026-10-07","700540261984","single","1","4339625072","2026-10-10","0"
"1109817342","Little Thingy","DJ Fire House","2026-10-10","8447845276917","single","1","4318512952","2026-10-10","0"
"1113606462","Di takdirkan jatuh cinta","Patricia","2026-10-10","5064078087092","single","1","4327677782","2026-10-10","0"
"1113645412","Jujur","Patricia","2026-10-10","5064078088396","single","1","4327753262","2026-10-10","0"
"1118080502","Half-Open Door","3PM","2026-10-10","700536231953","single","1","4339247312","2026-10-10","0"
"1114905322","Shinin'","Anna Graceman","2026-10-09","700540772978","single","1","4331011682","2026-10-10","0"
"1108924682","Talkin' 'Bout Me Too","Fuzzy Butt Bassel","2026-10-10","5064090261975","single","1","4316279792","2026-10-10","0"
"1118258972","TOO PERFECT (feat. Smart Dollarx)","Mazi","2026-10-09","700536128208","single","1","4339673682","2026-10-10","0"
"1117927062","Door Is Open","Colt Tucker","2026-10-07","742040270936","single","1","4338879192","2026-10-10","0"
"1117839112","Ditches","Ethan Burdick","2026-10-09","888193929977","single","1","4338650012","2026-10-10","0"
"1078846282","SPORT A NIE KOMFORT","Podcięty","2026-10-02","5907983551565","single","1","4286360072","2026-10-10","0"
"1108800732","Rasta Party","1Journey","2026-09-27","787960972331","single","1","4316016902","2026-10-10","0"
"1118305342","SUSTUM","Lavin","2026-10-10","700536164787","single","1","4339808852","2026-10-10","0"
"1110334352","Ti av ti soloppganger","Trygve Skaug","2026-10-10","7045790009034","album","10","4320092332","2026-10-10","0"
"1118290722","s1oane/qu1nn-SWAG","Sloane","2026-10-09","700536081527","single","1","4339760462","2026-10-10","0"
"1118098182","Ovo Ono","Chef QRE","2026-10-10","700536225136","single","1","4339285862","2026-10-10","0"
"1108170062","Outgrow Me","Bella Lambert","2026-10-10","700574015263","single","1","4314200972","2026-10-10","0"
"1109978772","After the Last Train","J-Vibe","2026-10-09","5064090316491","album","12","4318965172","2026-10-10","0"
"1077836792","When It Was Me","Tyler Herwig","2026-10-10","700904391579","album","5","4283877112","2026-10-10","0"
"1079804062","Devil In The Rearview","Ethan Rivers","2026-10-10","676126998264","single","1","4288823082","2026-10-10","0"
"1118111312","PITCOIN","Pitbull","2026-10-08","885288824254","album","24","4339314612","2026-10-10","0"
