"uri","title","artists","artist_ids","artist_names"
"spotify:track:0LqcdN6104AK55dUCiYF1a","Like a River","Ocie Elliott","5jbk18C7YXRcEZxUWPJCyT","Ocie Elliott"
"spotify:track:3VZtBdQE5yfjavN2lPk1ZL","Spirit","Judah & the Lion","3wWtfT7S2uVJJ3hGZlOLkZ","Judah & the Lion"
"spotify:track:4gSwwP1tCXtTFemHjaVYOc","Forever - Garage Version","Mumford & Sons","3gd8FJtBJtkRxdfbTu19U2","Mumford & Sons"
"spotify:track:4VfiFAMVsUJ2ol9NQ0oeWD","Broken","Ronen","78dSExAsGHlbMjvNDzFuXr","Ronen"
"spotify:track:2xNL49mxxn2TvDkFcfxLNV","Follow","Adam Wendler","3ea4XDPCrAm68rpImApb94","Adam Wendler"
"spotify:track:5c0Wowu6ufLpFZyMvLObdc","Cold In Ohio","Jamie Lawson, Ed Sheeran","1jhdZdzOd4TJLAHqQdkUND|6eUKZXaKkcviH0Ku9w2n3V","Jamie Lawson|Ed Sheeran"
"spotify:track:0YvdM9lo00HJBhFZClgvJe","Crazy Stupid Love","Blake Proehl","1RgYPu8VR3b5sXupFPGMAO","Blake Proehl"
"spotify:track:7L7nMzS9sbLZ9KtUJSdz7D","Tell Me I'm Wrong","ryman leon","6a84XW6PjSgibLahMxGxxw","ryman leon"
"spotify:track:6qJXOI2wHjE98wEOruUd0w","Universe","Rosa Linn","46xBNx0j6cwY6sD9LgMTm1","Rosa Linn"
"spotify:track:47f3DS2H7tOyxxrLNqX3dj","Comeback Kid (That's My Dog)","Brett Dennen","0FC1LIeQXKib0jOwZqeIwT","Brett Dennen"
"spotify:track:3oRN2kgSMJOi9hOrXMdE96","Skin & Bones","Eli Young Band","6eKWqnckwdIlSnjaYgIyxv","Eli Young Band"
"spotify:track:3oJoxMUk315OvZBPtW9bgz","Got One Still","Kat Kennedy","08xYUuniSTJtOwpC1lATSX","Kat Kennedy"
"spotify:track:7nDFTHHwfe32a8qdp9XqPy","False Confidence","Noah Kahan","2RQXRUsr4IW1f3mKyKsy4B","Noah Kahan"
"spotify:track:1GEQptdMkJosZCuLXuPBqV","Dying Light","Vilhelm Buchaus","1WqdwYhwSMzVexRFkOtcwl","Vilhelm Buchaus"
"spotify:track:2FSvmq9jktuOnl6H45zEaD","Out Of My Mind","Ehrling","5wo7dlNLNdFmaaU7NTtdoT","Ehrling"
"spotify:track:2SPa0oPyWLxHnVZNhfiiVe","Lost Without You","The McCredie Brothers, Pete McCredie, David McCredie","5S6hgx48T6bHth4lxxmKGD|0Cgijkl49Ktl93nFDK9CTi|6xjud8c4TNMuSPwjXvBrfY","The McCredie Brothers|Pete McCredie|David McCredie"
"spotify:track:0dCnXyvbJzy6Cpy9P93O12","I'm Alive","Lance & Linton, NC Carson","6M3rUPqXzEcBsKFl0f9q8c|4mmCU7zVOOUa384vOn7aKT","Lance & Linton|NC Carson"
"spotify:track:5SYuC1ODfZOWeg7MgRzOP2","Someday","Shawn Colvin","0K7VN4aHxHcEb7PqkfoIVA","Shawn Colvin"
"spotify:track:01IJ2feBkPtQgQi68nx9nl","Bed on Fire","G Flip","4SdIXLzfabqU61iK7SnKAU","G Flip"
"spotify:track:4jGPk5J6GFrX1AzowueGoo","Lift You Up","LÉON","4SqTiwOEdYrNayaGMkc7ia","LÉON"
"spotify:track:0ggQNb6DOsWhG89CWkjYHd","Constant Companion","Sam Smith","2wY79sveU1sp5g7SokKOiI","Sam Smith"
"spotify:track:7jv39eho02JxYYaHZgJVAq","Here And Heaven","Matthew West","6e8OTLDQpaz1Tl2GEaxsNj","Matthew West"
"spotify:track:6B9XMxOKopfYkBKwA8cPtb","Summer You Were Mine","STELLA LEFTY","6hp2uD84OrQ3u3ukmTjLz2","STELLA LEFTY"
"spotify:track:4JP9kMfgVEr0y13chODrE4","From Ember To Ash To Smoke","Dean Lewis","3QSQFmccmX81fWCUSPTS7y","Dean Lewis"
"spotify:track:6dCf8hbOUcBz2ye9CshkD1","Cigarettes Won't Kill Me","Caleb Hearn","0EiNdCUwM4B5GkTInLAyuj","Caleb Hearn"
"spotify:track:0Cn2xfo1wzWP4q1cnxetOh","Shine","Zayde Wølf","7LIy7KinYq7a83dUH6kvxT","Zayde Wølf"
"spotify:track:07PIOKPmjopDeKTnToYK0i","Fly fint","Ingebjørg Bratland","2tmt0z174LRgAeAi9MHA9C","Ingebjørg Bratland"
"spotify:track:1j6ad39OI8bXR6JvRkbCdy","The Old Guys","Dan + Shay, Cody Johnson","7z5WFjZAIYejWy0NI5lv4T|6zLBxLdl60ekBLpawtT63I","Dan + Shay|Cody Johnson"
"spotify:track:36r2SuLrdh4vbf2AT3tzIB","Last Sunset (with Moon Taxi & Coyote Island)","Claire Wright, Moon Taxi, Coyote Island","1f0rM0WH91u5j96lXeMdwn|5DK8eK7fjvRsziXzyr3sFA|4kA2Nc7ABFmtulhoskS8Wz","Claire Wright|Moon Taxi|Coyote Island"
"spotify:track:6DThx0fdmdZuhG4ZrUg8oM","Empty","Sasha Alex Sloan","4xnihxcoXWK3UqryOSnbw5","Sasha Alex Sloan"
"spotify:track:6yABWz5onWwYfJR7PUoLfP","Feel The Cold","Foy Vance","4bUqnkrDrb4f7rqmDR9yDu","Foy Vance"
"spotify:track:79SyyNBpWWxB2ogAI4uNZr","Weakness","Mat Kearney","2NQEwAVHBNcI0tGMLlWwF1","Mat Kearney"
"spotify:track:4Ec7ZFBlf7L8Ib7bF3fzDd","All I Want Is You","Andy Grammer","2oX42qP5ineK3hrhBECLmj","Andy Grammer"
"spotify:track:2jPemKGZd1HlPbL4OakoYl","Before You Go","Lukas Graham","25u4wHJWxCA9vO0CzxAbK7","Lukas Graham"
"spotify:track:6VzorL4qfmkmPax6xJs3jS","It Was Gonna Be You","Passenger","0gadJ2b9A4SKsB1RFkBb66","Passenger"
"spotify:track:79dTYopYKErqIHvtVGO4yJ","Sayonara","Sheppard","6VxCmtR7S3yz4vnzsJqhSV","Sheppard"
"spotify:track:4vB4e8oopvmeARMW9na82S","Be Mine","GIO DARA","1YTaNEf5juixP1n71yQcLr","GIO DARA"
"spotify:track:2HQlRWQAxJlCNQEMehwtYC","History","Jordan O'Keefe","5fCQtP3FiwsFOv84fnPV8x","Jordan O'Keefe"
"spotify:track:5fVKDnfgr8YN2eb03F02vj","It Always Could Be Worse","KiD RAiN","3JQMhGLU0F6IeOzlDZiUNW","KiD RAiN"
"spotify:track:4YOAzHBhNgRYdZ1d6y0Mhf","Cannonball","Emily James","7FxEy78P0oIVEVxdaL9npy","Emily James"
"spotify:track:3o2WC36xouHwUngdNKmTYz","Smokey Sweater","Jack Willis, Georgie Lyons","5bDMEki3F51J9AwYPJeBZY|2mBeGMNgOkgvZaITdOwYqB","Jack Willis|Georgie Lyons"
"spotify:track:3s41LceJZws9ab0N2twlCb","Something Better","Minke","4fTWIwXX49PpfrhxBHfkkw","Minke"
"spotify:track:66AVCTrBdy2svF9o1Fv6AY","Deeper","JERUB","2eG0Kf7mNIbn0SMiA2LjBd","JERUB"
"spotify:track:205F8GdiUyw3QE02bPtMrS","Enjoy The Ride","Able Heart","1Qr7z3g1f7L93ZWdCKGSjV","Able Heart"
"spotify:track:7e9vx0VFspmZDbFukM4cjG","Right Here","HAFFWAY","3GL9CphwkHjP0Niz2fTWJH","HAFFWAY"
"spotify:track:3Y3lbMd40Gh2IbRf7BHaZX","Pretty Lucid Dream","NSH","13FBdMZnPKuU6QYIgagrcS","NSH"
"spotify:track:5axZBlTXkiO9AiNU7acB9V","Never Going Home","Saco, Bram Bos","1LnBqMojv6Dv6DoPWTDSZ7|59PJUGfJxIsREWLUJUhxvk","Saco|Bram Bos"
"spotify:track:0UfAiyPdAOelluLatxMC1D","Let Go","Color Buzz","3Y0oPwhERSowIvX2QuvyLj","Color Buzz"
"spotify:track:0R7AzfMhflUt3IrY6NDjNf","Holding On","LAUD","04kVAoKNfyQrbp3XqhAkOB","LAUD"
"spotify:track:1KvqoPdTylV1sMLQ9odPoG","Orange Afternoon","The Astronomers","3jx7HGyoa2APekVbiXZvFh","The Astronomers"
"spotify:track:1rpku6qgjrAAJeho5n08d0","Wave","Anna Graceman, Viv Parker","2B69uGl0nh5LMFUAZxVw5y|1e9EAdBnrbddrBATSzZfmW","Anna Graceman|Viv Parker"
"spotify:track:5r2DfR9MoEXKdaJ1Ru9oEy","Name in Lights - Stripped","BANNERS","4qWnlmXWuGv2TtuxtIWlJX","BANNERS"
"spotify:track:1MjwtRC96i2nJsD88arMVH","in the afternoon","Josef Salvat","64PJHZDQTPPVBCdwnv22Wz","Josef Salvat"
"spotify:track:0OrnPMtlWYPo3Irskd1p6J","The Time in Tokyo","Thomas Oliver","5ZwD9tfnJ04kM0qgPSMzgy","Thomas Oliver"
"spotify:track:4vmfvFr3BOExcNIqj5KYl9","Way back","Henrik","7osFcSwjlRPwxZdVALIOuC","Henrik"
"spotify:track:27vUVky3YOxLK8o7mGlCyp","Pay That Toll","OneRepublic","5Pwc4xIPtQLFEnJriah9YJ","OneRepublic"
"spotify:track:0GjEhVFGZW8afUYGChu3Rr","Dancing Queen","ABBA","0LcJLqbBmaGUft1e9Mm8HV","ABBA"
"spotify:track:1Kf59Rq6P8zUVjH8PbLBot","Forever Young (feat. May)","Chris Holsten, May","63Dir7MyAhpGcHU3rOh3uF|6ufyaDLdDuLeG5Ls4udcDE","Chris Holsten|May"
"spotify:track:7BzSqgzAhRp3x5fac4EFKO","Bridges Burn","NEEDTOBREATHE","610EjgFatGvVPtib97jQ8G","NEEDTOBREATHE"
"spotify:track:6UE7Z9eSUXCHJwssSkwTtf","Fireflies","Boyce Avenue","7CQwac16i1W5ej8YpuL3dv","Boyce Avenue"
"spotify:track:1tz3J1af6TeQ3cbGL16vVq","Tryin'","The National Parks","2JMtxA2S9SNUlqBlkDtXm6","The National Parks"
"spotify:track:70OhnrY5qxOHzdNLwEhdcn","Girl, You're on Fire","Tyrone Wells","5zeCSgiRyezbfLiGOpKAsR","Tyrone Wells"
"spotify:track:6kAVOp9pekfWMPzfCGNZwU","Just Hold Me","Maria Mena","3rTRHzFfbTk5GL3LpYZGHR","Maria Mena"
"spotify:track:6ZjF8vmqhKbYi2OhMHBPlY","Always You","Tim Halperin, We Lepers","3nVeK8gQChVtVCCjGreal2|3NUxNOAEGlJsIeormnXtnr","Tim Halperin|We Lepers"
"spotify:track:3j5VMgCXpWsrBo6yoZBrlk","Weeds","MEG + JAC, Megan Davies, Jaclyn Davies","6q6isSwnbC9MxmWGZYl7sk|09kCHZp9iFO2FJNb9lR6G5|5MKHjGZGjZ7mZV0JPs9iot","MEG + JAC|Megan Davies|Jaclyn Davies"
"spotify:track:4rweWnx38kHEDTpgtwBgrA","Made For Greatness","The Afters, Steven Malcolm","1Q9nxD19emMUTTWtFi7jZc|5yqWHaDl8ZrYgeKANLyIv8","The Afters|Steven Malcolm"
"spotify:track:4wBpRbgnxh553Cr9fZ3HHy","If Only I Could Love The Right Person","Riley Addams","6AJUxnLumHGSyTeujVGbf5","Riley Addams"
"spotify:track:0ZjwzxC1petrT6GuesTQ2V","Maybe Oregon","Graham Colton","3bCmhyXqTr9ZNGlHNYNTFA","Graham Colton"
"spotify:track:3H6hPbiQcdoruLswr52ihu","Wide Open","Sheffield","4CDXbURs9NxZWRLVZ2HHto","Sheffield"
"spotify:track:6S47qQjykxWMJi8HqbuzZE","Gone Like That","Mitchell Tenpenny","1p6CdzJRoicjRcSdWoB9Qc","Mitchell Tenpenny"
"spotify:track:5Z2YSNRIfdPU5UIi5MYl4d","Friday Nights","Isaak Presley","1ExfUqPmrVlI2FOEIfjaYc","Isaak Presley"
"spotify:track:4JgdqbekoGGNFMM4cImJ9p","Burn It Down (feat. Leon Bridges)","Shaboozey, Leon Bridges","3y2cIKLjiOlp1Np37WiUdH|3qnGvpP8Yth1AqSBMqON5x","Shaboozey|Leon Bridges"
"spotify:track:2E1jceXhA2jwDiXD0K5QVk","The Head, the Heart and the Ocean","Connor Brondes","5abZdJnD9nhVV6OkYKv0W3","Connor Brondes"
"spotify:track:2DhMurtFjgLaaq9G4PMQak","Life's A Beach (Soak It Up)","Tubby Love","2iIIX35bw7TQhOve8Ur5tG","Tubby Love"
"spotify:track:6oz4kpvYAtdKE93PWThxvr","All or Nothing","Scott Quinn","0FlBLkbHEvmCMu2X46Ail1","Scott Quinn"
"spotify:track:4xb7GvbxPnCwbzPvmGzMsi","Holy","Jordan Rawling","4blS7hfZtKm6XA5r2ZrxWX","Jordan Rawling"
"spotify:track:0XhQ48zLKNqbNYw1FrRrUy","Knows My Name","Cole Redding","3nU2FtGgLXCVBK4i1YXwQR","Cole Redding"
"spotify:track:6VWR4BR5sryrKuaEtl0Mtd","Leave You Behind","Theo Day","7kInTAGydeTIPx9JwrSApc","Theo Day"
"spotify:track:16BSpanOcju1T6F9CygQ5l","Deathbed","Tophouse","5WvwaJTMkZ5jb06EwCt34K","Tophouse"
"spotify:track:7sZkWXjTJYjzeZj9DVLmOV","Half Hearted","Angelica Appelman","5MP0qg1tME82lHjl75bmfM","Angelica Appelman"
"spotify:track:4YRwPLJsCQdg71T3970pr9","ME OH MY!","Kieran Vale","3Va8XFErXgwz0OlMKUcZ3u","Kieran Vale"
"spotify:track:1jIru7PNCbNemcOZEuRXL6","Story Of Our Life","Tim Halperin","3nVeK8gQChVtVCCjGreal2","Tim Halperin"
"spotify:track:0ODG7EVVmjlqVdwgvp75QQ","Arcadia","Chanin","4FRgokXij5IuiufM05094s","Chanin"
"spotify:track:5z2tv1zPGgN3oZpyWKrhT0","99","Ryan Harris","38Cj253ij4uQ7Rce6tArIG","Ryan Harris"
"spotify:track:5CnSUGzc96qK5ebywuildy","Good Old Days","Daniel Leggs","39csiig8WOh2SMguk2nuL5","Daniel Leggs"
"spotify:track:3uwov0fMlpCKQTI9AMzrsh","What I Gotta Do","Max Allais","1q6Erwlg8yTeH3XgngViVn","Max Allais"
"spotify:track:3nweAW1qm2y8jIhMf6wxik","Roll On By","Justin Lee","5lSVCLx0jJ09fPhHS2fRTQ","Justin Lee"
"spotify:track:1P0Fv0G0smN5aLB1L1cqJT","Tremble","The Quiet North","1LG2Nq2MqSiaN0aYKuH97Y","The Quiet North"
"spotify:track:79ebHgZkxtJZOJc23ubikT","Newport 2008","David Nevory","2UfNQbWhyIvKplQbVfTF4w","David Nevory"
"spotify:track:64b6Mux8RRKd2mMY0SW2Y5","Don't Stop Now","In Paradise","4ALawqTfUuUWNCPMoKKuxz","In Paradise"
"spotify:track:1tfKd3ClYUUoqHYn1ZmTvV","I See You","Northwest Stories","5w1g5MrRpY3zWraNx9HMXS","Northwest Stories"
"spotify:track:05Fz8BncZJdkUVD6R3lWFC","Holding You Close","Ryan Pulford","46E8qTNPKXItddNMeUgOqq","Ryan Pulford"
"spotify:track:3gjzEaT0WJrwYhwn98Imt9","Pure Blue","Raynes","3srupAODFNn7Dx4ZUg4uqM","Raynes"
"spotify:track:09JOQaVGUA94vQyQqmCdXN","Younger Me","Matthew West","6e8OTLDQpaz1Tl2GEaxsNj","Matthew West"
"spotify:track:1iDOgR1g7vFwOnKXboAjcH","Keeping Me Around","Caleb Hearn","0EiNdCUwM4B5GkTInLAyuj","Caleb Hearn"
"spotify:track:6Gf8utzDFG6eImqetkF0Px","Perfect Man","Teddy Swims","33qOK5uJ8AR2xuQQAhHump","Teddy Swims"
"spotify:track:3H0jfjUuIxq9sj7Y8hCkyO","Why The Willows Weep","Sheffield","4CDXbURs9NxZWRLVZ2HHto","Sheffield"
"spotify:track:33QVqfl5dHDNqNCLcJWp0M","Fun","Sasha Alex Sloan","4xnihxcoXWK3UqryOSnbw5","Sasha Alex Sloan"
"spotify:track:6cIa8qVgqDksyJxUwNT56T","Mercy","Tones And I","2NjfBq1NflQcKSeiDooVjY","Tones And I"
"spotify:track:4WfILH0yuH1MjVZ3INuo2z","Colly Strings - Reimagined","Manchester Orchestra","5wFXmYsg3KFJ8BDsQudJ4f","Manchester Orchestra"
"spotify:track:4qtJyskTMnubIzK5wnJcle","HEAVEN WITHOUT DYING","Justin Jesso","1QDrz3DMMaz3TB1cm0PGDu","Justin Jesso"
"spotify:track:1zXyCObXWABxy8cBY0NQvV","Cool You Down - feat. Sia","Chaka Khan, Sia","6mQfAAqZGBzIfrmlZCeaYT|5WUlDfRSoLAfcVSX1WnrxN","Chaka Khan|Sia"
"spotify:track:3Ln4JSpTO4Zc7oRinGsp4k","Let’s Get Married","Miley Cyrus","5YGY8feqx7naU7z4HrwZM6","Miley Cyrus"
"spotify:track:2BlU1fIHVQojN2MikDcbgk","Honeybee","The National Parks","2JMtxA2S9SNUlqBlkDtXm6","The National Parks"
"spotify:track:5df2wRGEFi4CSY3baeXoWI","FOUND","Matt Hansen","6wlhqnATSJIc0NQ64VxOVJ","Matt Hansen"
"spotify:track:2WY82DxJJon1zXRuFLdwkg","Old Friend","David Derman","7wxxhtLbg3D7B6q4HsYQ3A","David Derman"
"spotify:track:3vVLYlJejwXv6EeYElTf88","Time After Time","Andrew Hyatt, Meghan Patrick","6L1jfL0BaxCDXCcy51CEcg|5bQxLohAAiOat0EMYuHjzJ","Andrew Hyatt|Meghan Patrick"
"spotify:track:7wjbaH1zWGmOHVwVzCjzMC","Bridges","Caden","3g9TrS2xoUpvNJXvQejXYS","Caden"
"spotify:track:65rxjBNJ0novrIYsfp7hmc","Promise","Jacob Lewis","5FsaTQEyXMU7pimyJFZJDy","Jacob Lewis"
"spotify:track:6HUlEWrPSXOUcG08wdss7D","Right Love, Wrong Time","Bryson Jarrett","4ix5ACX9d32e1W0yGvMTjS","Bryson Jarrett"
"spotify:track:5xeaYYfxBwCn6BnPQ9wy6o","Kumbaya - Campfire Version","JERUB","2eG0Kf7mNIbn0SMiA2LjBd","JERUB"
"spotify:track:47sC4SR46o4HSEJLRBXo1a","Celebrate","Alex Rv Phillips","5OG37OrEJeTvy7w5p7YLPF","Alex Rv Phillips"
"spotify:track:27V9QAXyt9u9itQpS7A7lO","What I Do","Sons Of The East","6cSxzHrQgGc4I4Ck5Gewej","Sons Of The East"
"spotify:track:7pMWn5fjw6P3n3lj5UZaVN","What About Everything?","Carbon Leaf","4bofI6U62c9ZvTOrORFVwc","Carbon Leaf"
"spotify:track:0Vmz4Z7M5rElly58xX8Xv8","Hold You Close","Michael Honan","0jWD0R3npD8Trqy0zuYuss","Michael Honan"
"spotify:track:4Zp7WAgNmWZpameaeDixxl","Have It All","Jeremy Kay","6HnFfQug60BF0wJPXpusXY","Jeremy Kay"
"spotify:track:6EjKM1RWrwZLo02uArT3JZ","Glad You Came","Dalton Day","702g3pLJ05KMYwcU1v0pDV","Dalton Day"
"spotify:track:3xz3kuyw9RYBbuja7occw1","Going, Going, Gone","Michael Sanzone","54LJoumlGbXHOSoC01aSYm","Michael Sanzone"
"spotify:track:5PbY25QfhihDpsYXZq0sC4","Slow Your Breath Down","Future Of Forestry","2PAjAnpGH93C6vXOa8ZKzD","Future Of Forestry"
"spotify:track:1KM8ubbYZ0eMah7iNtln5h","Vultures","Kodaline","4BxCuXFJrSWGi1KHcVqaU4","Kodaline"
"spotify:track:5e7tCu2OHizONkuWOkrdFu","Living In The Moment","Anders Sohn","3LgfgTNBaJCrnWCCRmR1Bs","Anders Sohn"
"spotify:track:66sekW2BmMwSzBiwMij2iG","Pacific City","Mat Kearney","2NQEwAVHBNcI0tGMLlWwF1","Mat Kearney"
"spotify:track:4f70TZP7p2NXanhp9ABOkc","Weight Of It All","James Blunt","7KMqksf0UMdyA0UCf4R3ux","James Blunt"
"spotify:track:27vdEsv8trfKtTIZ8MtgWM","all over the place","Conor Maynard","6mU8ucezzms5I2kNH6HNlu","Conor Maynard"
"spotify:track:7mRuYX8dxYUqwJAt0R3DYd","Dragostea Din Tei (Epic Orchestra)","Mathias Fritsche","5V5dtgxeHu6JMxDTl0SRFO","Mathias Fritsche"
"spotify:track:3GmJ2KRfqE7addvkfhmt3V","Every Minute Of It","Gabby Barrett","6Iz3eq2aQGFf7TbGT2iahL","Gabby Barrett"
"spotify:track:3eRPPaLoyyidcMge6KhnI8","My Dark Places","Phillip Phillips","6p5JxpTc7USNnBnLzctyd4","Phillip Phillips"
"spotify:track:4TXsAxoWoa85Qz5zztzTUH","Easier","AJ Mitchell","6dn6x1XOng3LOAnfTjUn77","AJ Mitchell"
"spotify:track:1HHxQeNb0BwrhUIbQegebj","alle","for KING & COUNTRY","3sDbKMebVH2VYcRSl7u1VC","for KING & COUNTRY"
"spotify:track:3DDuRF9KnNbLOVB2l5WgIb","Dogs In Our Twenties","Dan + Shay","7z5WFjZAIYejWy0NI5lv4T","Dan + Shay"
"spotify:track:5KyU3yjkanKKqj91Ux9jvP","THE DEVIL WON’T KEEP ME DOWN","Citizen Way","7o9BrJpGzDJxWSGpAViJu4","Citizen Way"
"spotify:track:0a9ukRgyySkKGzezX99prN","Something More","Cammy Barnes","28J1DHByWcyaurTUQ8Rzs9","Cammy Barnes"
"spotify:track:57g8LPfp00QJMhhY4oeAys","Take Me Home","We The Kingdom","5Ye2QWN2Wl9zTn947eaest","We The Kingdom"
"spotify:track:19Ncbvfd46WOEjYb42FAb7","The User's Guide to Being Human","The Script","3AQRLZ9PuTAozP28Skbq8V","The Script"
"spotify:track:2y42xAsl6dfMeVXQgOYsUw","Wicked Game","Chris Isaak","7290H8m1Dwt8G7jm1y9CQx","Chris Isaak"
"spotify:track:3Z2anmIVG8b1GelyeFQdnP","Maine","Noah Kahan","2RQXRUsr4IW1f3mKyKsy4B","Noah Kahan"
"spotify:track:17U2M7HB14yGe9QSAmbyyB","How Far Does A Goodbye Go","Jason Aldean","3FfvYsEGaIb52QPXhg4DcH","Jason Aldean"
"spotify:track:2eZskXFEMt2K1fvTsB9LSk","Into The Storm","BANNERS","4qWnlmXWuGv2TtuxtIWlJX","BANNERS"
"spotify:track:16vNQhg2y5RDkkNaQExLTL","Love Don't Live Here","Lady A","32WkQRZEVKSzVAAYqukAEA","Lady A"
"spotify:track:6bfJ8FqiDuEFNBZXUBsaB6","Belief","Gavin DeGraw","5DYAABs8rkY9VhwtENoQCz","Gavin DeGraw"
"spotify:track:5zGpzcubAg08tJLSuZqM4s","Better That We Break","Maroon 5","04gDigrS5kc9YWfZHwBETP","Maroon 5"
"spotify:track:15JqWJoyG7WNJi9qrAYT86","Somethin' 'Bout A Woman","Thomas Rhett, Teddy Swims","6x2LnllRG5uGarZMsD4iO8|33qOK5uJ8AR2xuQQAhHump","Thomas Rhett|Teddy Swims"
"spotify:track:78lR1li9wdwunwNoVYiBpE","Something To Lose","STELLA LEFTY, Vincent Mason","6hp2uD84OrQ3u3ukmTjLz2|6QJ5CE7ujPr7oZCURhFZVS","STELLA LEFTY|Vincent Mason"
"spotify:track:6CC7m07iUQA2oKr2Ky4gRl","Have A Little Faith In Me","SYML","6AyATGg7mDgBlZ4N5uNog0","SYML"
"spotify:track:4NXcR7RFSGUY2NRl1yzTSN","Paradise","Stick Figure","5SXEylV07TC57eanSxxg4R","Stick Figure"
"spotify:track:4YC0Q5njDaKtgjGcs6gY9c","Easy","Stanryck","6klS2Hb4RJyltZeKwdYhdP","Stanryck"
"spotify:track:1HZxwr7sLtJzK6Jt2G6cu0","You and I","LÉON","4SqTiwOEdYrNayaGMkc7ia","LÉON"
"spotify:track:3oEkrIfXfSh9zGnE7eBzSV","The Winner Takes It All","ABBA","0LcJLqbBmaGUft1e9Mm8HV","ABBA"
"spotify:track:2lcJpkoLQqeSvZDKk27pEA","Let It Burn","Shaboozey","3y2cIKLjiOlp1Np37WiUdH","Shaboozey"
"spotify:track:5KTcGJKm4HgLhLt8Tc7EQ5","Draw You Out - From The Hunger Games: Sunrise on the Reaping - The Album","Noah Kahan, The Hunger Games","2RQXRUsr4IW1f3mKyKsy4B|6UdECsev3yuXe2rfLrdDiF","Noah Kahan|The Hunger Games"
"spotify:track:0ENM2AleJ8dzdYrYar0jPA","Ain't Built For Leaving","Chris Kläfford","5dSnbLNmUdguVNTAV5Ctk1","Chris Kläfford"
"spotify:track:2nLmaxn0gzNAg777MbrDhN","Get Me High","Kodaline","4BxCuXFJrSWGi1KHcVqaU4","Kodaline"
"spotify:track:6P4KOxSNS12SAa0zYExbwZ","Born For You","Mark Ambor","11p2E654TTU8e0nZWBR4AL","Mark Ambor"
"spotify:track:6DoHoYQW6EU025KNaYv1pt","Circles","James Blunt","7KMqksf0UMdyA0UCf4R3ux","James Blunt"
"spotify:track:0DQLrKiOij9mZN3Ra62blV","Hear Me Now","Wynonna, Iron & Wine","4yiXkMbxDIZ3jgEG89NSC1|4M5nCE77Qaxayuhp3fVn4V","Wynonna|Iron & Wine"
