"release_id","found_on"
"dz:1109129282","2026-10-08"
"dz:1109129472","2026-10-08"
"dz:1081346612","2026-10-08"
"dz:1081522662","2026-10-08"
"dz:1062461011","2026-10-08"
"dz:1105748032","2026-10-08"
"dz:1081521562","2026-10-08"
"dz:1110795872","2026-10-08"
"dz:1062970581","2026-10-08"
"dz:1111568772","2026-10-08"
"dz:1074918432","2026-10-08"
"dz:1070381872","2026-10-08"
"dz:1081192032","2026-10-08"
"dz:1111869762","2026-10-08"
"dz:1111142252","2026-10-08"
"dz:1110415132","2026-10-08"
"dz:1116080292","2026-10-08"
"dz:1101807142","2026-10-08"
"dz:1081808242","2026-10-08"
"dz:1111761402","2026-10-08"
"dz:1110401692","2026-10-08"
"dz:1073975092","2026-10-08"
"dz:1081068912","2026-10-08"
"dz:1115254712","2026-10-08"
"dz:1046606502","2026-10-08"
"dz:1105687032","2026-10-08"
"dz:1106805702","2026-10-08"
"dz:1067476361","2026-10-08"
"dz:1104496992","2026-10-08"
"dz:1070887142","2026-10-08"
"dz:1111588572","2026-10-08"
"dz:1106409932","2026-10-08"
"dz:1074184072","2026-10-08"
"dz:1110495472","2026-10-08"
"dz:1019889481","2026-10-08"
"dz:1103786562","2026-10-08"
"dz:1116019952","2026-10-08"
"dz:1017313851","2026-10-08"
"dz:1068914921","2026-10-08"
"dz:1073810732","2026-10-08"
"dz:1067624901","2026-10-08"
"dz:1070106562","2026-10-08"
"dz:1062357102","2026-10-08"
"dz:1058192202","2026-10-08"
"dz:1075318512","2026-10-08"
"dz:1080363562","2026-10-08"
"dz:1081514742","2026-10-08"
"dz:1074362112","2026-10-08"
"dz:1072770552","2026-10-08"
"dz:1104854332","2026-10-08"
"dz:1111183382","2026-10-08"
"dz:1104708782","2026-10-08"
"dz:1108346592","2026-10-08"
"dz:1104039062","2026-10-08"
"dz:1064661801","2026-10-08"
"dz:1109418292","2026-10-08"
"dz:1109501442","2026-10-08"
"dz:1109890072","2026-10-08"
"dz:1081522262","2026-10-08"
"dz:1081529252","2026-10-08"
"dz:1065034811","2026-10-08"
"dz:1111346582","2026-10-08"
"dz:1108118322","2026-10-08"
"dz:1103972962","2026-10-08"
"dz:1059946852","2026-10-08"
"dz:1060052612","2026-10-08"
"dz:1115216982","2026-10-08"
"dz:1113134172","2026-10-08"
"dz:1112494702","2026-10-08"
"dz:1101869722","2026-10-08"
"dz:1069556891","2026-10-08"
"dz:1081522122","2026-10-08"
"dz:1039631592","2026-10-08"
"dz:1074017532","2026-10-08"
"dz:1105177802","2026-10-08"
"dz:1108124042","2026-10-08"
"dz:1113756582","2026-10-08"
"dz:1039228192","2026-10-08"
"dz:1057398562","2026-10-08"
"dz:1042274632","2026-10-08"
"dz:1023738251","2026-10-08"
"dz:1080810342","2026-10-08"
"dz:1079697362","2026-10-08"
"dz:1078579712","2026-10-08"
"dz:1102237302","2026-10-08"
"dz:1069634651","2026-10-08"
"dz:1057948202","2026-10-08"
"dz:1020079311","2026-10-08"
"dz:1112161392","2026-10-08"
"dz:1047303672","2026-10-08"
"dz:1115314752","2026-10-08"
"dz:1110826142","2026-10-08"
"dz:1103662682","2026-10-08"
"dz:1055833162","2026-10-08"
"dz:1081075992","2026-10-08"
"dz:1108748882","2026-10-08"
"dz:1074702472","2026-10-08"
"dz:1075767882","2026-10-08"
"dz:1110564692","2026-10-08"
"dz:1057575412","2026-10-08"
"dz:1057575262","2026-10-08"
"dz:1080761102","2026-10-08"
"dz:1075009602","2026-10-08"
"dz:1068070321","2026-10-08"
"dz:1113579082","2026-10-08"
"dz:1113579342","2026-10-08"
"dz:1113580602","2026-10-08"
"dz:1112018602","2026-10-08"
"dz:1112248752","2026-10-08"
"dz:1111828962","2026-10-08"
"dz:1080210702","2026-10-08"
"dz:1081812812","2026-10-08"
"dz:1081520002","2026-10-08"
"dz:1102309162","2026-10-08"
"dz:1100265792","2026-10-08"
"dz:1100680132","2026-10-08"
"dz:1101383052","2026-10-08"
"dz:1111705332","2026-10-08"
"dz:1111707762","2026-10-08"
"dz:1108117412","2026-10-08"
"dz:1107624592","2026-10-08"
"dz:1106754692","2026-10-08"
"dz:1106773232","2026-10-08"
"dz:1106775492","2026-10-08"
"dz:1114070122","2026-10-08"
"dz:1081496992","2026-10-08"
"dz:1081433082","2026-10-08"
"dz:1113789032","2026-10-08"
"dz:1109843492","2026-10-08"
"dz:1079210362","2026-10-08"
"dz:1110270542","2026-10-08"
"dz:1078647432","2026-10-08"
"dz:1078645982","2026-10-08"
"dz:1078632162","2026-10-08"
"dz:1080127712","2026-10-08"
"dz:1074636002","2026-10-08"
"dz:1061609052","2026-10-08"
"dz:1080124972","2026-10-08"
"dz:1104513562","2026-10-08"
"dz:1101812222","2026-10-08"
"dz:1080828222","2026-10-08"
"dz:1115019762","2026-10-08"
"dz:1110357082","2026-10-08"
"dz:1110367082","2026-10-08"
"dz:1079650992","2026-10-08"
"dz:1103959712","2026-10-08"
"dz:1103547162","2026-10-08"
"dz:1103556072","2026-10-08"
"dz:1116699222","2026-10-08"
"dz:1101811982","2026-10-08"
"dz:1071012502","2026-10-08"
"dz:1074884482","2026-10-08"
"dz:1101666512","2026-10-08"
"dz:1080060542","2026-10-08"
"dz:1078797872","2026-10-08"
"dz:1112515622","2026-10-08"
"dz:1078559792","2026-10-08"
"dz:1048223902","2026-10-08"
"dz:1079316852","2026-10-08"
"dz:1105089542","2026-10-08"
"dz:1070279522","2026-10-08"
"dz:1104896082","2026-10-08"
"dz:1103117042","2026-10-08"
"dz:1113625692","2026-10-08"
"dz:1061005252","2026-10-08"
"dz:1104039442","2026-10-08"
"dz:996750591","2026-10-08"
"dz:1073171132","2026-10-08"
"dz:1070969902","2026-10-08"
"dz:1068599621","2026-10-08"
"dz:1101544122","2026-10-08"
"dz:1100560642","2026-10-08"
"dz:1075858862","2026-10-08"
"dz:1075907352","2026-10-08"
"dz:950748811","2026-10-08"
"dz:1051445182","2026-10-08"
"dz:967181841","2026-10-08"
"dz:1074703082","2026-10-08"
"dz:1004525381","2026-10-08"
"dz:1070425992","2026-10-08"
"dz:1081600442","2026-10-08"
"dz:1104173602","2026-10-08"
"dz:1110330312","2026-10-08"
"dz:1025444842","2026-10-08"
"dz:1076582862","2026-10-08"
"dz:1075966032","2026-10-08"
"dz:1067208761","2026-10-08"
"dz:1101548382","2026-10-08"
"dz:1081496132","2026-10-08"
"dz:1050841472","2026-10-08"
"dz:1071740752","2026-10-08"
"dz:1065367871","2026-10-08"
"dz:1108982322","2026-10-08"
"dz:1081521982","2026-10-08"
"dz:1074649062","2026-10-08"
"dz:1104104922","2026-10-08"
"dz:1076303712","2026-10-08"
"dz:1080400182","2026-10-08"
"dz:1102489842","2026-10-08"
"dz:1076085502","2026-10-08"
"dz:1075686132","2026-10-08"
"dz:1102699342","2026-10-08"
"dz:1102708402","2026-10-08"
"dz:1102731092","2026-10-08"
"dz:1102734102","2026-10-08"
"dz:1102737742","2026-10-08"
"dz:1081522602","2026-10-08"
"dz:1081250822","2026-10-08"
"dz:1063279111","2026-10-08"
"dz:1109814042","2026-10-08"
"dz:1104039342","2026-10-08"
"dz:1111846722","2026-10-08"
"dz:1109138152","2026-10-08"
"dz:1111736282","2026-10-08"
"dz:1111776042","2026-10-08"
"dz:1113161552","2026-10-08"
"dz:1060074192","2026-10-08"
"dz:1104011152","2026-10-08"
"dz:1079380502","2026-10-08"
"dz:1105001842","2026-10-08"
"dz:1000501191","2026-10-08"
"dz:1105892652","2026-10-08"
"dz:1104039462","2026-10-08"
"dz:1108526942","2026-10-08"
"dz:1073809352","2026-10-08"
"dz:1074814892","2026-10-08"
"dz:1067391901","2026-10-08"
"dz:1101803052","2026-10-08"
"dz:1101809752","2026-10-08"
"dz:1101811402","2026-10-08"
"dz:1101811902","2026-10-08"
"dz:1101812452","2026-10-08"
"dz:1080396252","2026-10-08"
"dz:1075174752","2026-10-08"
"dz:1105786412","2026-10-08"
"dz:1102979722","2026-10-08"
"dz:1110335452","2026-10-08"
"dz:1110335732","2026-10-08"
"dz:1062527421","2026-10-08"
"dz:1075175262","2026-10-08"
"dz:1101606422","2026-10-08"
"dz:1102798992","2026-10-08"
"dz:1106279272","2026-10-08"
"dz:1046153382","2026-10-08"
"dz:1102285802","2026-10-08"
"dz:1116654102","2026-10-08"
"dz:1103477722","2026-10-08"
"dz:1111808352","2026-10-08"
"dz:968488931","2026-10-08"
"dz:1079035372","2026-10-08"
"dz:1103303062","2026-10-08"
"dz:1103871242","2026-10-08"
"dz:1079350892","2026-10-08"
"dz:1108851902","2026-10-08"
"dz:1108910112","2026-10-08"
"dz:1115671402","2026-10-08"
"dz:1075581382","2026-10-08"
"dz:1100487642","2026-10-08"
"dz:1115015542","2026-10-08"
"dz:1110220922","2026-10-08"
"dz:1079768332","2026-10-08"
"dz:1081630422","2026-10-08"
"dz:1076534322","2026-10-08"
"dz:1113548202","2026-10-08"
"dz:1108922452","2026-10-08"
"dz:1108922072","2026-10-08"
"dz:1106011052","2026-10-08"
"dz:1105861752","2026-10-08"
"dz:1104735702","2026-10-08"
"dz:1104465942","2026-10-08"
"dz:1111564182","2026-10-08"
"dz:1074083802","2026-10-08"
"dz:1081523662","2026-10-08"
"dz:1069619311","2026-10-08"
"dz:1081891402","2026-10-08"
"dz:1081244332","2026-10-08"
"dz:1074061182","2026-10-08"
"dz:1107139582","2026-10-08"
"dz:1080932172","2026-10-08"
"dz:1109346732","2026-10-08"
"dz:1104500402","2026-10-08"
"dz:1110784472","2026-10-08"
"dz:1012599751","2026-10-08"
"dz:1049282692","2026-10-08"
"dz:1081581752","2026-10-08"
"dz:1110833062","2026-10-08"
"dz:1103118402","2026-10-08"
"dz:1111107522","2026-10-08"
"dz:1110827502","2026-10-08"
"dz:1110829222","2026-10-08"
"dz:1106705882","2026-10-08"
"dz:1107593452","2026-10-08"
"dz:1071262072","2026-10-08"
"dz:1033874142","2026-10-08"
"dz:1054388042","2026-10-08"
"dz:1067992021","2026-10-08"
"dz:1110660062","2026-10-08"
"dz:1074887502","2026-10-08"
"dz:1101637442","2026-10-08"
"dz:1051895042","2026-10-08"
"dz:1074539432","2026-10-08"
"dz:1104309012","2026-10-08"
"dz:933785861","2026-10-08"
"dz:1114400652","2026-10-08"
"dz:1111027152","2026-10-08"
"dz:1101646482","2026-10-08"
"dz:1103574972","2026-10-08"
"dz:1111829562","2026-10-08"
"dz:1073246542","2026-10-08"
"dz:1103984332","2026-10-08"
"dz:1114176422","2026-10-08"
"dz:1115183862","2026-10-08"
"dz:1073051072","2026-10-08"
"dz:1110142262","2026-10-08"
"dz:1108183132","2026-10-08"
"dz:1105082052","2026-10-08"
"dz:1063315981","2026-10-08"
"dz:1018829931","2026-10-08"
"dz:1104421252","2026-10-08"
"dz:1070674152","2026-10-08"
"dz:1103672992","2026-10-08"
"dz:1100198372","2026-10-08"
"dz:1080184382","2026-10-08"
"dz:1108035532","2026-10-08"
"dz:1103420452","2026-10-08"
"dz:1102756552","2026-10-08"
"dz:1081529582","2026-10-08"
"dz:1108439312","2026-10-08"
"dz:1108398362","2026-10-08"
"dz:1100930462","2026-10-08"
"dz:1101184422","2026-10-08"
"dz:1080431942","2026-10-08"
"dz:1107851072","2026-10-08"
"dz:1052085252","2026-10-08"
"dz:1111646432","2026-10-08"
"dz:1019763151","2026-10-08"
"dz:1080039912","2026-10-08"
"dz:1059642772","2026-10-08"
"dz:1001816031","2026-10-08"
"dz:1104498402","2026-10-08"
"dz:902248812","2026-10-08"
"dz:1104174252","2026-10-08"
"dz:1056209202","2026-10-08"
"dz:1075662792","2026-10-08"
"dz:1074513292","2026-10-08"
"dz:1080951952","2026-10-08"
"dz:1074736432","2026-10-08"
"dz:1054183052","2026-10-08"
"dz:1081042572","2026-10-08"
"dz:1104176752","2026-10-08"
"dz:1056399932","2026-10-08"
"dz:1081521692","2026-10-08"
"dz:1108661602","2026-10-08"
"dz:1101857132","2026-10-08"
"dz:1076417012","2026-10-08"
"dz:1115924542","2026-10-08"
"dz:1100702442","2026-10-08"
"dz:1067386451","2026-10-08"
"dz:1053821482","2026-10-08"
"dz:1100551422","2026-10-08"
"dz:1011923961","2026-10-08"
"dz:1066882361","2026-10-08"
"dz:1079065782","2026-10-08"
"dz:1067571431","2026-10-08"
"dz:1066293371","2026-10-08"
"dz:1079378962","2026-10-08"
"dz:1048056322","2026-10-08"
"dz:1110556972","2026-10-08"
"dz:1100768192","2026-10-08"
"dz:1104174542","2026-10-08"
"dz:1105880782","2026-10-08"
"dz:1115997632","2026-10-08"
"dz:1114204142","2026-10-08"
"dz:1113762332","2026-10-08"
"dz:1107595092","2026-10-08"
"dz:1107628942","2026-10-08"
"dz:1107715792","2026-10-08"
"dz:1104175902","2026-10-08"
"dz:1107520562","2026-10-08"
"dz:1102252952","2026-10-08"
"dz:1113403492","2026-10-08"
"dz:1077631882","2026-10-08"
"dz:1116539622","2026-10-08"
"dz:1102923652","2026-10-08"
"dz:1113581252","2026-10-08"
"dz:1111783142","2026-10-08"
"dz:1076375552","2026-10-08"
"dz:1080751372","2026-10-08"
"dz:1081514892","2026-10-08"
"dz:1109429892","2026-10-08"
"dz:1069955142","2026-10-08"
"dz:1067403171","2026-10-08"
"dz:1081426082","2026-10-08"
"dz:1110266472","2026-10-08"
"dz:1071155272","2026-10-08"
"dz:1064469751","2026-10-08"
"dz:1076892152","2026-10-08"
"dz:1104011182","2026-10-08"
"dz:1100400262","2026-10-08"
"dz:1075278892","2026-10-08"
"dz:1074864972","2026-10-08"
"dz:1111851402","2026-10-08"
"dz:1067314771","2026-10-08"
"dz:1056358382","2026-10-08"
"dz:1081514522","2026-10-08"
"dz:1102250902","2026-10-08"
"dz:1103667612","2026-10-08"
"dz:1063622931","2026-10-08"
"dz:1080721332","2026-10-08"
"dz:1057081152","2026-10-08"
"dz:1064584631","2026-10-08"
"dz:1111464042","2026-10-08"
"dz:1104176672","2026-10-08"
"dz:1068286901","2026-10-08"
"dz:1078032522","2026-10-08"
"dz:1107991922","2026-10-08"
"dz:1052510932","2026-10-08"
"dz:1108216052","2026-10-08"
"dz:1103749952","2026-10-08"
"dz:1106914272","2026-10-08"
"dz:1106724512","2026-10-08"
"dz:1106743942","2026-10-08"
"dz:1103210982","2026-10-08"
"dz:1103033802","2026-10-08"
"dz:1103056352","2026-10-08"
"dz:1078700272","2026-10-08"
"dz:1033564732","2026-10-08"
"dz:1059044342","2026-10-08"
"dz:1104039022","2026-10-08"
"dz:1065221061","2026-10-08"
"dz:1081523882","2026-10-08"
"dz:1069262351","2026-10-08"
"dz:1067978841","2026-10-08"
"dz:1068416451","2026-10-08"
"dz:1108319712","2026-10-08"
"dz:1115682252","2026-10-08"
"dz:1109749732","2026-10-08"
"dz:1112070282","2026-10-08"
"dz:1110878622","2026-10-08"
"dz:1109937842","2026-10-08"
"dz:1113304012","2026-10-08"
"dz:1070845062","2026-10-08"
"dz:1103464422","2026-10-08"
"dz:1102979762","2026-10-08"
"dz:1109801162","2026-10-08"
"dz:1107961432","2026-10-08"
"dz:1107966372","2026-10-08"
"dz:1101988962","2026-10-08"
"dz:1107628712","2026-10-08"
"dz:1107674132","2026-10-08"
"dz:1100211412","2026-10-08"
"dz:1104011132","2026-10-08"
"dz:1110351462","2026-10-08"
"dz:1108617732","2026-10-08"
"dz:1108617772","2026-10-08"
"dz:1108617792","2026-10-08"
"dz:1110564792","2026-10-08"
"dz:1080116092","2026-10-08"
"dz:1076345492","2026-10-08"
"dz:1100631372","2026-10-08"
"dz:1068124171","2026-10-08"
"dz:1103681382","2026-10-08"
"dz:1079746092","2026-10-08"
"dz:1073394712","2026-10-08"
"dz:1106843612","2026-10-08"
"dz:1040253652","2026-10-08"
"dz:1111114732","2026-10-08"
"dz:1113475632","2026-10-08"
"dz:1116710172","2026-10-08"
"dz:1104699702","2026-10-08"
"dz:1081584232","2026-10-08"
"dz:1068706571","2026-10-08"
"dz:1104020392","2026-10-08"
"dz:1104011142","2026-10-08"
"dz:1112966002","2026-10-08"
"dz:1078994672","2026-10-08"
"dz:1058295332","2026-10-08"
"dz:1081521802","2026-10-08"
"dz:1081520992","2026-10-08"
"dz:1107296442","2026-10-08"
"dz:1105438182","2026-10-08"
"dz:1104147022","2026-10-08"
"dz:1057443482","2026-10-08"
"dz:1065183781","2026-10-08"
"dz:1116530212","2026-10-08"
"dz:1069862751","2026-10-08"
"dz:1074424142","2026-10-08"
"dz:1103091142","2026-10-08"
"dz:1104513032","2026-10-08"
"dz:1077981842","2026-10-08"
"dz:1106652292","2026-10-08"
"dz:1077292222","2026-10-08"
"dz:1116525252","2026-10-08"
"dz:1116532652","2026-10-08"
"dz:1114058282","2026-10-08"
"dz:1107564232","2026-10-08"
"dz:1104307092","2026-10-08"
"dz:1106743382","2026-10-08"
"dz:1101550482","2026-10-08"
"dz:1063061221","2026-10-08"
"dz:1073066532","2026-10-08"
"dz:1104530892","2026-10-08"
"dz:1074675212","2026-10-08"
"dz:1071001972","2026-10-08"
"dz:1064751141","2026-10-08"
"dz:1064631341","2026-10-08"
"dz:1075759232","2026-10-08"
"dz:1051649742","2026-10-08"
"dz:1100740522","2026-10-08"
"dz:1102977582","2026-10-08"
"dz:1057851892","2026-10-08"
"dz:1110173532","2026-10-08"
"dz:1069317831","2026-10-08"
"dz:1061635052","2026-10-08"
"dz:1111829062","2026-10-08"
"dz:1076649842","2026-10-08"
"dz:1058374722","2026-10-08"
"dz:1104028622","2026-10-08"
"dz:1106975442","2026-10-08"
"dz:1104678872","2026-10-08"
"dz:1103018282","2026-10-08"
"dz:1111823872","2026-10-08"
"dz:1108445282","2026-10-08"
"dz:1104703852","2026-10-08"
"dz:1073436022","2026-10-08"
"dz:1081867832","2026-10-08"
"dz:1041534562","2026-10-08"
"dz:1105548152","2026-10-08"
"dz:1106459922","2026-10-08"
"dz:1081523042","2026-10-08"
"dz:1075616172","2026-10-08"
"dz:1114078382","2026-10-08"
"dz:1114337292","2026-10-08"
"dz:981178081","2026-10-08"
"dz:1068946941","2026-10-08"
"dz:1104193172","2026-10-08"
"dz:1111251132","2026-10-08"
"dz:1104009362","2026-10-08"
"dz:1080893542","2026-10-08"
"dz:1111709012","2026-10-08"
"dz:1062147962","2026-10-08"
"dz:1114811952","2026-10-08"
"dz:1056647462","2026-10-08"
"dz:1063075041","2026-10-08"
"dz:1059461352","2026-10-08"
"dz:1070407122","2026-10-08"
"dz:1081514122","2026-10-08"
"dz:1039182142","2026-10-08"
"dz:1063074501","2026-10-08"
"dz:1063075651","2026-10-08"
"dz:1075768122","2026-10-08"
"dz:1047257692","2026-10-08"
"dz:1081522692","2026-10-08"
"dz:1106418052","2026-10-08"
"dz:1053533522","2026-10-08"
"dz:1061540152","2026-10-08"
"dz:1104532212","2026-10-08"
"dz:1101494842","2026-10-08"
"dz:1106546812","2026-10-08"
"dz:1112282042","2026-10-08"
"dz:1007453291","2026-10-08"
"dz:1074615382","2026-10-08"
"dz:1078767932","2026-10-08"
"dz:1056984652","2026-10-08"
"dz:1069020551","2026-10-08"
"dz:1081021572","2026-10-08"
"dz:1075696162","2026-10-08"
"dz:1107457702","2026-10-08"
"dz:1107329012","2026-10-08"
"dz:1106035862","2026-10-08"
"dz:1101966822","2026-10-08"
"dz:1069709471","2026-10-08"
"dz:1060476882","2026-10-08"
"dz:1078805932","2026-10-08"
"dz:1074232782","2026-10-08"
"dz:1056367972","2026-10-08"
"dz:1104178002","2026-10-08"
"dz:1068421061","2026-10-08"
"dz:1080961942","2026-10-08"
"dz:1110715652","2026-10-08"
"dz:1011708181","2026-10-08"
"dz:1111855512","2026-10-08"
"dz:1042244932","2026-10-08"
"dz:1102454922","2026-10-08"
"dz:1114554232","2026-10-08"
"dz:1110636872","2026-10-08"
"dz:1069916302","2026-10-08"
"dz:1108204192","2026-10-08"
"dz:1108334062","2026-10-08"
"dz:1101964412","2026-10-08"
"dz:1101841622","2026-10-08"
"dz:1106188442","2026-10-08"
"dz:1071368882","2026-10-08"
"dz:1104038542","2026-10-08"
"dz:1079426602","2026-10-08"
"dz:1053019272","2026-10-08"
"dz:1072809392","2026-10-08"
"dz:1100401382","2026-10-08"
"dz:1108608722","2026-10-08"
"dz:1104037452","2026-10-08"
"dz:1061166932","2026-10-08"
"dz:1081529172","2026-10-08"
"dz:1076025342","2026-10-08"
"dz:1101579332","2026-10-08"
"dz:993420271","2026-10-08"
"dz:1078559692","2026-10-08"
"dz:1073926602","2026-10-08"
"dz:1104174402","2026-10-08"
"dz:1112297422","2026-10-08"
"dz:1103612682","2026-10-08"
"dz:1111841462","2026-10-08"
"dz:1078752112","2026-10-08"
"dz:1067354401","2026-10-08"
"dz:1079631682","2026-10-08"
"dz:1079631492","2026-10-08"
"dz:1081522052","2026-10-08"
"dz:1030650942","2026-10-08"
"dz:1063551101","2026-10-08"
"dz:1059453222","2026-10-08"
"dz:1108704812","2026-10-08"
"dz:1066959141","2026-10-08"
"dz:1075587222","2026-10-08"
"dz:1100474172","2026-10-08"
"dz:1070763242","2026-10-08"
"dz:1081529312","2026-10-08"
"dz:1081514552","2026-10-08"
"dz:1079716052","2026-10-08"
"dz:1076171242","2026-10-08"
"dz:1105544832","2026-10-08"
"dz:1076498652","2026-10-08"
"dz:1100737852","2026-10-08"
"dz:1076499472","2026-10-08"
"dz:1074266682","2026-10-08"
"dz:1059214972","2026-10-08"
"dz:1080344282","2026-10-08"
"dz:1081763162","2026-10-08"
"dz:978482021","2026-10-08"
"dz:1080244312","2026-10-08"
"dz:1102576892","2026-10-08"
"dz:1102577072","2026-10-08"
"dz:1072537612","2026-10-08"
"dz:1047769422","2026-10-08"
"dz:1105191462","2026-10-08"
"dz:1071372682","2026-10-08"
"dz:1109747172","2026-10-08"
"dz:1104176442","2026-10-08"
"dz:1081520942","2026-10-08"
"dz:1110985452","2026-10-08"
"dz:1110989802","2026-10-08"
"dz:1110989972","2026-10-08"
"dz:1078910382","2026-10-08"
"dz:1080954692","2026-10-08"
"dz:1079322222","2026-10-08"
"dz:1081523802","2026-10-08"
"dz:1110539092","2026-10-08"
"dz:1029068192","2026-10-08"
"dz:1103666992","2026-10-08"
"dz:1110779312","2026-10-08"
"dz:1071296432","2026-10-08"
"dz:1074684132","2026-10-08"
"dz:1071337812","2026-10-08"
"dz:1075586802","2026-10-08"
"dz:1080398872","2026-10-08"
"dz:1080812712","2026-10-08"
"dz:1104142242","2026-10-08"
"dz:1068264811","2026-10-08"
"dz:1104174832","2026-10-08"
"dz:1103846732","2026-10-08"
"dz:1106199432","2026-10-08"
"dz:1071345852","2026-10-08"
"dz:1101627312","2026-10-08"
"dz:1080410812","2026-10-08"
"dz:1080513222","2026-10-08"
"dz:1020138291","2026-10-08"
"dz:1026788012","2026-10-08"
"dz:1073597662","2026-10-08"
"dz:1104175602","2026-10-08"
"dz:1068466901","2026-10-08"
"dz:1080999032","2026-10-08"
"dz:1102979662","2026-10-08"
"dz:1072927062","2026-10-08"
"dz:1037471352","2026-10-08"
"dz:1081529182","2026-10-08"
"dz:1115493212","2026-10-08"
"dz:1113735642","2026-10-08"
"dz:1080258482","2026-10-08"
"dz:1058038332","2026-10-08"
"dz:1059214952","2026-10-08"
"dz:965288601","2026-10-08"
"dz:1101749612","2026-10-08"
"dz:1063766511","2026-10-08"
"dz:1108863522","2026-10-08"
"dz:1101283672","2026-10-08"
"dz:1080378342","2026-10-08"
"dz:1112131302","2026-10-08"
"dz:1116412242","2026-10-08"
"dz:1045224922","2026-10-08"
"dz:1067536521","2026-10-08"
"dz:1081519422","2026-10-08"
"dz:1070153642","2026-10-08"
"dz:1079301102","2026-10-08"
"dz:1009126261","2026-10-08"
"dz:1081529612","2026-10-08"
"dz:1113124232","2026-10-08"
"dz:1112145772","2026-10-08"
"dz:1105793182","2026-10-08"
"dz:1104058532","2026-10-08"
"dz:1076327242","2026-10-08"
"dz:1053716662","2026-10-08"
"dz:1108529262","2026-10-08"
"dz:1081520812","2026-10-08"
"dz:1079298582","2026-10-08"
