"uri","title","artists","artist_ids","release_id","release_date","staged_on"
"spotify:track:4KplIfSakgcRdC6UVw7VwL","JFK","G-Eazy, Ty Dolla $ign","02kJSzxNuaWGqwubyUba0Z|7c0XG5cIJTrrAgEC3ULPiq","dz:1080954692","2026-09-25","2026-10-10"
"spotify:track:1p8AjTC2doJ2gau4MNbnZ8","Hver Eneste Gang","Thor Farlov, KESI, MAS","0YF2oUwHHPo0VTGuqgYG0X|2d7AMvzFwh5wUTuqQl3BAE|3Tg0bQKDqc4ONwmKywDq72","dz:1079322222","2026-09-25","2026-10-10"
"spotify:track:092mKEeAJyiE7ioROsKJof","Cover You","Michael Schulte","21aa4pj9BvbFB2iT8kRpnq","dz:1081523802","2026-09-25","2026-10-10"
"spotify:track:5gs4wmAPGaKG9oznE3376f","Delivered","Will Dempsey","6EwJep0jBRD2MMG3BLH6dd","dz:1029068192","2026-09-25","2026-10-10"
"spotify:track:04KR8pNqGGczfnmahpSlFE","Other Than You","Will Dempsey","6EwJep0jBRD2MMG3BLH6dd","dz:1029068192","2026-09-25","2026-10-10"
"spotify:track:5Q1FUjHTnJgZYthESd2AIV","Carry the Weight","Will Dempsey","6EwJep0jBRD2MMG3BLH6dd","dz:1029068192","2026-09-25","2026-10-10"
"spotify:track:0sPACP6UJkh46iJkr16WvM","One More Cast","Will Dempsey","6EwJep0jBRD2MMG3BLH6dd","dz:1029068192","2026-09-25","2026-10-10"
"spotify:track:1EGjUZozMLFa7vHlAmXuu6","Wildfire & Whiskey","Will Dempsey","6EwJep0jBRD2MMG3BLH6dd","dz:1029068192","2026-09-25","2026-10-10"
"spotify:track:6ud07nQAUfihArhlHPOYPz","Hunting Lightning","Will Dempsey","6EwJep0jBRD2MMG3BLH6dd","dz:1029068192","2026-09-25","2026-10-10"
"spotify:track:2xZSUqQN6gFWbBB3p3USFL","Dance with Me","Will Dempsey","6EwJep0jBRD2MMG3BLH6dd","dz:1029068192","2026-09-25","2026-10-10"
"spotify:track:1Xfv2hc0NA1aTtn66U6WX0","Last Single Thing","Will Dempsey","6EwJep0jBRD2MMG3BLH6dd","dz:1029068192","2026-09-25","2026-10-10"
"spotify:track:06s1IMsNzRZMOllNPi2Etq","Good Dogs","Will Dempsey","6EwJep0jBRD2MMG3BLH6dd","dz:1029068192","2026-09-25","2026-10-10"
"spotify:track:56ElCPoJVAMLY0JMPoA2bV","Thanks to You","Will Dempsey","6EwJep0jBRD2MMG3BLH6dd","dz:1029068192","2026-09-25","2026-10-10"
"spotify:track:5Qudnu5h1WWebAJk6BaTE2","Welcome (House Of God)","Jon Reddick, Mitch Wong","7H0gjeKVq6IPXcAUZzzhD2|0NmuD3IXcEGYAEX5hZxu39","dz:1071296432","2026-09-25","2026-10-10"
"spotify:track:7MJojRySGD3IsOJSB41Jv6","Berghain","Louis Philippson, Esther Abrami, The City of Prague Philharmonic Orchestra","7l8eGKzZbyCdsLXtRe1qtH|5zCkKfOMcIx8ISU53JBPng|2oQJQUIpJFFnfKvHJA0xBu","dz:1075586802","2026-09-25","2026-10-10"
"spotify:track:4RK7xDwR3Xspes4Zo2GQPR","A Change Is Gonna Come","Steve Ray Ladson","2CokAz18TsHK3OTTJFFmNQ","dz:1080812712","2026-09-25","2026-10-10"
"spotify:track:1pfO8aOCTLXX3SIJ4pEDey","I'll Be There","GIO DARA","1YTaNEf5juixP1n71yQcLr","dz:1068264811","2026-09-25","2026-10-10"
"spotify:track:6Kfrt9fIrk8SwDm5cdbSPw","Har Du","Birgitte Bergerud","43M1M1jvfessMpNMxiieaa","dz:1071345852","2026-09-25","2026-10-10"
"spotify:track:109w5hk4ezymLbJVqmhQ5J","Home Run","Matt Wills, Ellie Hider","5tECdXibmWAxONygvS9ktT|1jjOn1UUNYsvqpjBQWk9Gl","dz:1101627312","2026-09-25","2026-10-10"
"spotify:track:4gJpXcbSUrrJ8W0tqmQmmH","Alexander Hamilton","Leslie Odom Jr., Daveed Diggs, Okieriete Onaodowan, Lin-Manuel Miranda, Phillipa Soo, Christopher Jackson, Original Broadway Cast of Hamilton","3cR4rhS2hBWqI7rJEBacvN|3twuAojvYNrlWZpMkxLm3P|6G3sPhnj4JBCsBVBGvZnkk|4aXXDj9aZnlshx7mzj3W1N|2OEGI2wrCVmvavKEOMlccy|6sLwRSXSUF5JTUnQaFenyj|3UUJfRbrA2nTbcg4i0MOwu","dz:1020138291","2026-09-25","2026-10-10"
"spotify:track:2ijjLL899Kzs2ArBD20WdG","Aaron Burr, Sir","Lin-Manuel Miranda, Leslie Odom Jr., Daveed Diggs, Okieriete Onaodowan","4aXXDj9aZnlshx7mzj3W1N|3cR4rhS2hBWqI7rJEBacvN|3twuAojvYNrlWZpMkxLm3P|6G3sPhnj4JBCsBVBGvZnkk","dz:1020138291","2026-09-25","2026-10-10"
"spotify:track:7vv0jH7K6ToSApz9tDrdHv","My Shot","Lin-Manuel Miranda, Daveed Diggs, Okieriete Onaodowan, Leslie Odom Jr., Original Broadway Cast of Hamilton","4aXXDj9aZnlshx7mzj3W1N|3twuAojvYNrlWZpMkxLm3P|6G3sPhnj4JBCsBVBGvZnkk|3cR4rhS2hBWqI7rJEBacvN|3UUJfRbrA2nTbcg4i0MOwu","dz:1020138291","2026-09-25","2026-10-10"
"spotify:track:5qBx1AOfW4JON5rTe82Pf9","The Story of Tonight","Lin-Manuel Miranda, Okieriete Onaodowan, Daveed Diggs, Original Broadway Cast of Hamilton","4aXXDj9aZnlshx7mzj3W1N|6G3sPhnj4JBCsBVBGvZnkk|3twuAojvYNrlWZpMkxLm3P|3UUJfRbrA2nTbcg4i0MOwu","dz:1020138291","2026-09-25","2026-10-10"
"spotify:track:1vvRez26CH13WBzMyx2hqi","The Schuyler Sisters","Renée Elise Goldsberry, Phillipa Soo, Jasmine Cephas-Jones, Leslie Odom Jr., Original Broadway Cast of Hamilton","5VJN4jB6PqqEg4kJiAj6Eu|2OEGI2wrCVmvavKEOMlccy|4H3e5t5utgPvj6Nsuda5QF|3cR4rhS2hBWqI7rJEBacvN|3UUJfRbrA2nTbcg4i0MOwu","dz:1020138291","2026-09-25","2026-10-10"
"spotify:track:1SOLSGjQZAiDhKe3Kzn51A","Farmer Refuted","Thayne Jasperson, Lin-Manuel Miranda, Original Broadway Cast of Hamilton","4lSm9vkdpKSs1O8nKflRaB|4aXXDj9aZnlshx7mzj3W1N|3UUJfRbrA2nTbcg4i0MOwu","dz:1020138291","2026-09-25","2026-10-10"
"spotify:track:2P9pII37uT0IktcGOCNCfE","You'll Be Back","Jonathan Groff, Original Broadway Cast of Hamilton","7KkqUt65v6LMtR369OQ6FB|3UUJfRbrA2nTbcg4i0MOwu","dz:1020138291","2026-09-25","2026-10-10"
"spotify:track:7uGrNLv9KQsnncBNAWDX5s","Right Hand Man","Lin-Manuel Miranda, Leslie Odom Jr., Original Broadway Cast of Hamilton","4aXXDj9aZnlshx7mzj3W1N|3cR4rhS2hBWqI7rJEBacvN|3UUJfRbrA2nTbcg4i0MOwu","dz:1020138291","2026-09-25","2026-10-10"
"spotify:track:3GI9LBfCIGxLbpHJpefCnG","A Winter's Ball","Leslie Odom Jr., Lin-Manuel Miranda, Original Broadway Cast of Hamilton","3cR4rhS2hBWqI7rJEBacvN|4aXXDj9aZnlshx7mzj3W1N|3UUJfRbrA2nTbcg4i0MOwu","dz:1020138291","2026-09-25","2026-10-10"
"spotify:track:1blHwhBdlRaIEn4mgiudAy","Helpless","Phillipa Soo, Original Broadway Cast of Hamilton","2OEGI2wrCVmvavKEOMlccy|3UUJfRbrA2nTbcg4i0MOwu","dz:1020138291","2026-09-25","2026-10-10"
"spotify:track:5kMTLVgHv7DOAWGpItkWHp","Satisfied","Renée Elise Goldsberry, Original Broadway Cast of Hamilton","5VJN4jB6PqqEg4kJiAj6Eu|3UUJfRbrA2nTbcg4i0MOwu","dz:1020138291","2026-09-25","2026-10-10"
"spotify:track:2vaweXSFWtkENBJPlNuJNK","The Story of Tonight - Reprise","Okieriete Onaodowan, Daveed Diggs, Lin-Manuel Miranda, Leslie Odom Jr.","6G3sPhnj4JBCsBVBGvZnkk|3twuAojvYNrlWZpMkxLm3P|4aXXDj9aZnlshx7mzj3W1N|3cR4rhS2hBWqI7rJEBacvN","dz:1020138291","2026-09-25","2026-10-10"
"spotify:track:53SuoJoDx9h707sqNbncM5","Wait for It","Leslie Odom Jr., Original Broadway Cast of Hamilton","3cR4rhS2hBWqI7rJEBacvN|3UUJfRbrA2nTbcg4i0MOwu","dz:1020138291","2026-09-25","2026-10-10"
"spotify:track:7pOM2NCPV4XgjaHG8BHZyN","Stay Alive","Original Broadway Cast of Hamilton","3UUJfRbrA2nTbcg4i0MOwu","dz:1020138291","2026-09-25","2026-10-10"
"spotify:track:4DDcOJl4lceVJrBjH4Rkif","Ten Duel Commandments","Lin-Manuel Miranda, Jon Rua, Leslie Odom Jr., Original Broadway Cast of Hamilton","4aXXDj9aZnlshx7mzj3W1N|69NsP4MC1JbfvKMwpx2oy8|3cR4rhS2hBWqI7rJEBacvN|3UUJfRbrA2nTbcg4i0MOwu","dz:1020138291","2026-09-25","2026-10-10"
"spotify:track:0gN87EAZjUPnU5OsR17pbp","Meet Me Inside","Lin-Manuel Miranda, Leslie Odom Jr., Christopher Jackson, Original Broadway Cast of Hamilton","4aXXDj9aZnlshx7mzj3W1N|3cR4rhS2hBWqI7rJEBacvN|6sLwRSXSUF5JTUnQaFenyj|3UUJfRbrA2nTbcg4i0MOwu","dz:1020138291","2026-09-25","2026-10-10"
"spotify:track:3KSIrq4xU1zaanFTLjamrL","That Would Be Enough","Phillipa Soo, Lin-Manuel Miranda","2OEGI2wrCVmvavKEOMlccy|4aXXDj9aZnlshx7mzj3W1N","dz:1020138291","2026-09-25","2026-10-10"
"spotify:track:4btnQSp1C2EvrhP4p90oh5","Guns and Ships","Leslie Odom Jr., Daveed Diggs, Christopher Jackson, Original Broadway Cast of Hamilton","3cR4rhS2hBWqI7rJEBacvN|3twuAojvYNrlWZpMkxLm3P|6sLwRSXSUF5JTUnQaFenyj|3UUJfRbrA2nTbcg4i0MOwu","dz:1020138291","2026-09-25","2026-10-10"
"spotify:track:3uDeSE5HiP3CZnVw59dUa0","History Has Its Eyes on You","Christopher Jackson, Lin-Manuel Miranda, Original Broadway Cast of Hamilton","6sLwRSXSUF5JTUnQaFenyj|4aXXDj9aZnlshx7mzj3W1N|3UUJfRbrA2nTbcg4i0MOwu","dz:1020138291","2026-09-25","2026-10-10"
"spotify:track:2nWlzIIqAv2LvUtpGeb0hz","Yorktown (The World Turned Upside Down)","Original Broadway Cast of Hamilton","3UUJfRbrA2nTbcg4i0MOwu","dz:1020138291","2026-09-25","2026-10-10"
"spotify:track:1KnYShPrfFlIeeA1YCbIsS","What Comes Next?","Jonathan Groff","7KkqUt65v6LMtR369OQ6FB","dz:1020138291","2026-09-25","2026-10-10"
"spotify:track:2vqiCTmo7y8o3WexDohPeB","Dear Theodosia","Leslie Odom Jr., Lin-Manuel Miranda","3cR4rhS2hBWqI7rJEBacvN|4aXXDj9aZnlshx7mzj3W1N","dz:1020138291","2026-09-25","2026-10-10"
"spotify:track:1D2j4bxXTn9h1OPQJfhfPu","Non-Stop","Leslie Odom Jr., Lin-Manuel Miranda, Renée Elise Goldsberry, Phillipa Soo, Christopher Jackson, Original Broadway Cast of Hamilton","3cR4rhS2hBWqI7rJEBacvN|4aXXDj9aZnlshx7mzj3W1N|5VJN4jB6PqqEg4kJiAj6Eu|2OEGI2wrCVmvavKEOMlccy|6sLwRSXSUF5JTUnQaFenyj|3UUJfRbrA2nTbcg4i0MOwu","dz:1020138291","2026-09-25","2026-10-10"
"spotify:track:5UwVhfvZSVMKDBcMAAdzVF","What'd I Miss","Daveed Diggs, Leslie Odom Jr., Okieriete Onaodowan, Original Broadway Cast of Hamilton","3twuAojvYNrlWZpMkxLm3P|3cR4rhS2hBWqI7rJEBacvN|6G3sPhnj4JBCsBVBGvZnkk|3UUJfRbrA2nTbcg4i0MOwu","dz:1020138291","2026-09-25","2026-10-10"
"spotify:track:3wes1Phgmi9J0f7eeyCQTT","Cabinet Battle #1","Christopher Jackson, Daveed Diggs, Lin-Manuel Miranda, Okieriete Onaodowan","6sLwRSXSUF5JTUnQaFenyj|3twuAojvYNrlWZpMkxLm3P|4aXXDj9aZnlshx7mzj3W1N|6G3sPhnj4JBCsBVBGvZnkk","dz:1020138291","2026-09-25","2026-10-10"
"spotify:track:15FgLLNz4y8kmWiSuIUMia","Take a Break","Phillipa Soo, Lin-Manuel Miranda, Renée Elise Goldsberry","2OEGI2wrCVmvavKEOMlccy|4aXXDj9aZnlshx7mzj3W1N|5VJN4jB6PqqEg4kJiAj6Eu","dz:1020138291","2026-09-25","2026-10-10"
"spotify:track:2RQFyOOZspKaRon4WoM98a","Say No to This","Jasmine Cephas-Jones, Leslie Odom Jr., Lin-Manuel Miranda, Sydney James Harcourt, Original Broadway Cast of Hamilton","4H3e5t5utgPvj6Nsuda5QF|3cR4rhS2hBWqI7rJEBacvN|4aXXDj9aZnlshx7mzj3W1N|2fHcpUAFhqmfloo2HkBN3e|3UUJfRbrA2nTbcg4i0MOwu","dz:1020138291","2026-09-25","2026-10-10"
"spotify:track:04aD1AfK2VzP2xi2PrJ4UZ","The Room Where It Happens","Leslie Odom Jr., Lin-Manuel Miranda, Daveed Diggs, Okieriete Onaodowan, Original Broadway Cast of Hamilton","3cR4rhS2hBWqI7rJEBacvN|4aXXDj9aZnlshx7mzj3W1N|3twuAojvYNrlWZpMkxLm3P|6G3sPhnj4JBCsBVBGvZnkk|3UUJfRbrA2nTbcg4i0MOwu","dz:1020138291","2026-09-25","2026-10-10"
"spotify:track:25ANapWONprwucHBdZN5lQ","Schuyler Defeated","Phillipa Soo, Lin-Manuel Miranda, Leslie Odom Jr.","2OEGI2wrCVmvavKEOMlccy|4aXXDj9aZnlshx7mzj3W1N|3cR4rhS2hBWqI7rJEBacvN","dz:1020138291","2026-09-25","2026-10-10"
"spotify:track:5T5qxAGlISEdd9tvETLK5U","Cabinet Battle #2","Christopher Jackson, Daveed Diggs, Lin-Manuel Miranda, Okieriete Onaodowan","6sLwRSXSUF5JTUnQaFenyj|3twuAojvYNrlWZpMkxLm3P|4aXXDj9aZnlshx7mzj3W1N|6G3sPhnj4JBCsBVBGvZnkk","dz:1020138291","2026-09-25","2026-10-10"
"spotify:track:0WwmPXG1Zs4WOchwWhEFFD","Washington on Your Side","Leslie Odom Jr., Daveed Diggs, Okieriete Onaodowan, Original Broadway Cast of Hamilton","3cR4rhS2hBWqI7rJEBacvN|3twuAojvYNrlWZpMkxLm3P|6G3sPhnj4JBCsBVBGvZnkk|3UUJfRbrA2nTbcg4i0MOwu","dz:1020138291","2026-09-25","2026-10-10"
"spotify:track:61j7YyDyc7F2SQkwVKqRmq","One Last Time","Christopher Jackson, Lin-Manuel Miranda, Original Broadway Cast of Hamilton","6sLwRSXSUF5JTUnQaFenyj|4aXXDj9aZnlshx7mzj3W1N|3UUJfRbrA2nTbcg4i0MOwu","dz:1020138291","2026-09-25","2026-10-10"
"spotify:track:2e2ZiCvFlfId75CCbqNuQT","I Know Him","Jonathan Groff","7KkqUt65v6LMtR369OQ6FB","dz:1020138291","2026-09-25","2026-10-10"
"spotify:track:6t5s4zhtxn6ISQcxHFPHSB","The Adams Administration","Original Broadway Cast of Hamilton","3UUJfRbrA2nTbcg4i0MOwu","dz:1020138291","2026-09-25","2026-10-10"
"spotify:track:6JNvOnxUOJZnnnjBlqRZ4Y","We Know","Lin-Manuel Miranda, Daveed Diggs, Leslie Odom Jr., Okieriete Onaodowan","4aXXDj9aZnlshx7mzj3W1N|3twuAojvYNrlWZpMkxLm3P|3cR4rhS2hBWqI7rJEBacvN|6G3sPhnj4JBCsBVBGvZnkk","dz:1020138291","2026-09-25","2026-10-10"
"spotify:track:3XTRKVE6d5GT8rDjo03Awp","Hurricane","Lin-Manuel Miranda, Original Broadway Cast of Hamilton","4aXXDj9aZnlshx7mzj3W1N|3UUJfRbrA2nTbcg4i0MOwu","dz:1020138291","2026-09-25","2026-10-10"
"spotify:track:0i30GvgItQ0t8oq17VNMHz","The Reynolds Pamphlet","Original Broadway Cast of Hamilton","3UUJfRbrA2nTbcg4i0MOwu","dz:1020138291","2026-09-25","2026-10-10"
"spotify:track:4pR2pKwLkH8JgUo5RlScAV","Burn","Phillipa Soo","2OEGI2wrCVmvavKEOMlccy","dz:1020138291","2026-09-25","2026-10-10"
"spotify:track:27I5Bl0cmk22jDpDvvJ9FB","Blow Us All Away","Ariana DeBose, Sasha Hutchings, Ephraim Sykes, Lin-Manuel Miranda, Original Broadway Cast of Hamilton","1Np9GsrPO7dlczjvdehBxs|0Pg2rEmiZEnmxw4eQwtvsR|3brilvMAN6ILRUMvaqJWdG|4aXXDj9aZnlshx7mzj3W1N|3UUJfRbrA2nTbcg4i0MOwu","dz:1020138291","2026-09-25","2026-10-10"
"spotify:track:4qSyRBUInaZRIreHXVNYk9","Stay Alive - Reprise","Lin-Manuel Miranda, Phillipa Soo, Original Broadway Cast of Hamilton","4aXXDj9aZnlshx7mzj3W1N|2OEGI2wrCVmvavKEOMlccy|3UUJfRbrA2nTbcg4i0MOwu","dz:1020138291","2026-09-25","2026-10-10"
"spotify:track:6B8Zx0oZWZul1p9dMQCDuk","It's Quiet Uptown","Renée Elise Goldsberry, Lin-Manuel Miranda, Phillipa Soo, Original Broadway Cast of Hamilton","5VJN4jB6PqqEg4kJiAj6Eu|4aXXDj9aZnlshx7mzj3W1N|2OEGI2wrCVmvavKEOMlccy|3UUJfRbrA2nTbcg4i0MOwu","dz:1020138291","2026-09-25","2026-10-10"
"spotify:track:6sECN5zqfNojmVUy1RJzzV","The Election of 1800","Daveed Diggs, Okieriete Onaodowan, Leslie Odom Jr., Lin-Manuel Miranda, Original Broadway Cast of Hamilton","3twuAojvYNrlWZpMkxLm3P|6G3sPhnj4JBCsBVBGvZnkk|3cR4rhS2hBWqI7rJEBacvN|4aXXDj9aZnlshx7mzj3W1N|3UUJfRbrA2nTbcg4i0MOwu","dz:1020138291","2026-09-25","2026-10-10"
"spotify:track:1H8BPltTr278RQm5ZdNFxu","Your Obedient Servant","Leslie Odom Jr., Lin-Manuel Miranda, Original Broadway Cast of Hamilton","3cR4rhS2hBWqI7rJEBacvN|4aXXDj9aZnlshx7mzj3W1N|3UUJfRbrA2nTbcg4i0MOwu","dz:1020138291","2026-09-25","2026-10-10"
"spotify:track:19ubmrVdCeAbbsMfu0tlVZ","Best of Wives and Best of Women","Phillipa Soo, Lin-Manuel Miranda","2OEGI2wrCVmvavKEOMlccy|4aXXDj9aZnlshx7mzj3W1N","dz:1020138291","2026-09-25","2026-10-10"
"spotify:track:2TDldiON75Ygn2hmwHIBZx","The World Was Wide Enough","Leslie Odom Jr., Lin-Manuel Miranda, Original Broadway Cast of Hamilton","3cR4rhS2hBWqI7rJEBacvN|4aXXDj9aZnlshx7mzj3W1N|3UUJfRbrA2nTbcg4i0MOwu","dz:1020138291","2026-09-25","2026-10-10"
"spotify:track:6apS0npgMfvsFfTqafHFUC","Who Lives, Who Dies, Who Tells Your Story","Original Broadway Cast of Hamilton","3UUJfRbrA2nTbcg4i0MOwu","dz:1020138291","2026-09-25","2026-10-10"
"spotify:track:6mIvyc7MdG0AYkFSxsdOUU","No John Trumbull - Intro","The Roots","78xUyw6FkVZrRAtziFdtdu","dz:1020138291","2026-09-25","2026-10-10"
"spotify:track:1SvbR9e7gKuIWgN3KkQev2","My Shot (feat. Busta Rhymes, Joell Ortiz & Nate Ruess) - Rise Up Remix","The Roots, Busta Rhymes, Joell Ortiz, Nate Ruess","78xUyw6FkVZrRAtziFdtdu|1YfEcTuGvBQ8xSD1f53UnK|1q13yHC6Syg5Y8iPLrRnCq|1qUjOF5fzrpoNycD36b2jZ","dz:1020138291","2026-09-25","2026-10-10"
"spotify:track:1GVLhaEJkMyHd6x9uELAmW","Wrote My Way Out","Nas, Dave East, Lin-Manuel Miranda, Aloe Blacc","20qISvAhX20dpIbOOzGK3q|7e10JUMF7MJmmwYpnTSMI5|4aXXDj9aZnlshx7mzj3W1N|0id62QV2SZZfvBn9xpmuCl","dz:1020138291","2026-09-25","2026-10-10"
"spotify:track:5KbpGbTRHKod1EG3B8s1oE","Wait For It","USHER","23zg3TcAtWQy7J6upgbUnj","dz:1020138291","2026-09-25","2026-10-10"
"spotify:track:7vdAozgnKuz6WHXHEqg2sw","An Open Letter (feat. Shockwave) - Interlude","Watsky, Shockwave","3mJ9GlkLzj8Ka7Z7EQaCMi|5F5mv4CeDI2styBTkko6zo","dz:1020138291","2026-09-25","2026-10-10"
"spotify:track:4rsfllIpg651WrcaXdzHdx","Satisfied (feat. Miguel & Queen Latifah)","Sia, Miguel, Queen Latifah","5WUlDfRSoLAfcVSX1WnrxN|360IAlyVv4PCEVjgyMZrxK|5m7wCUhYhBh7A3A3YMxrbt","dz:1020138291","2026-09-25","2026-10-10"
"spotify:track:5J4un6Z0EmG6NujHJH8jQY","Dear Theodosia (feat. Ben Folds)","Regina Spektor, Ben Folds","3z6Gk257P9jNcZbBXJNX5i|55tif8708yyDQlSjh3Trdu","dz:1020138291","2026-09-25","2026-10-10"
"spotify:track:3MuCectGKrVlp4PNxFt9QN","Valley Forge - Demo","Lin-Manuel Miranda","4aXXDj9aZnlshx7mzj3W1N","dz:1020138291","2026-09-25","2026-10-10"
"spotify:track:0uxJcBp4dhTU3nQWU2sUlR","It's Quiet Uptown","Kelly Clarkson","3BmGtnKgCSGYIUhmivXKWX","dz:1020138291","2026-09-25","2026-10-10"
"spotify:track:6A2VxpXNEh0yIdx4TpIDTy","That Would Be Enough","Alicia Keys","3DiDSECUqqY1AuBP8qtaIa","dz:1020138291","2026-09-25","2026-10-10"
"spotify:track:6n2mcclbI7X63Jt5BFIOYD","Immigrants (We Get The Job Done)","K'NAAN, Snow Tha Product, Riz Ahmed, Residente","7pGyQZx9thVa8GxMBeXscB|3p3jPcp8b7WL9XYj4xlsWj|5R8TntIOEwJcu4NnhGi8KW|5GcWBUX00IPuWVGMIRK1sS","dz:1020138291","2026-09-25","2026-10-10"
"spotify:track:38yvmno0vV8IvdYubirEh8","You'll Be Back","Jimmy Fallon, The Roots","7mAcgRMD6EfCKHO6cIkDOP|78xUyw6FkVZrRAtziFdtdu","dz:1020138291","2026-09-25","2026-10-10"
"spotify:track:64yvL9RnlJ45hmqejQRet7","Helpless (feat. Ja Rule)","Ashanti, Ja Rule","5rkVyNGXEgeUqKkB5ccK83|1J2VVASYAamtQ3Bt8wGgA6","dz:1020138291","2026-09-25","2026-10-10"
"spotify:track:7oJhNcY6irRB2nWEvgG7Ap","Take A Break - Interlude","!llmind","0bw7sLDsNQTScMpmsNFukJ","dz:1020138291","2026-09-25","2026-10-10"
"spotify:track:7BcCqNC2m07gdW0z6oUNPS","Say Yes to This","Jill Scott","6AVLthptCPhfrxlHadOBJD","dz:1020138291","2026-09-25","2026-10-10"
"spotify:track:2GV6SDDGXgic7FosjKbpCJ","Congratulations","Dessa","2CQAfzpwwaMxj3YNlb4Gbj","dz:1020138291","2026-09-25","2026-10-10"
"spotify:track:1EP10vlSfAzMQavdotTGUJ","Burn","Andra Day","1c4rxrxy8eDLvMVL1DTiBe","dz:1020138291","2026-09-25","2026-10-10"
"spotify:track:0ogunTMk8EUnYQ4JFQuzZK","Stay Alive - Interlude","J.PERIOD, Stro Elliot","1MGyQRNDBHqVYkW1nNKRBv|35mEzAsFbM7OOTzFyjTgeU","dz:1020138291","2026-09-25","2026-10-10"
"spotify:track:4s050aM2EJDsjmOzmCT6Mz","Cabinet Battle 3 - Demo","Lin-Manuel Miranda","4aXXDj9aZnlshx7mzj3W1N","dz:1020138291","2026-09-25","2026-10-10"
"spotify:track:6H63jTP2k6E2JFWX6PuKQ0","Washingtons by Your Side","Wiz Khalifa","137W8MRPWKqSmrBGDBFSop","dz:1020138291","2026-09-25","2026-10-10"
"spotify:track:1xYtOx7xoojvn8I1890in4","History Has Its Eyes On You","John Legend","5y2Xq6xcjJb2jVM54GHK3t","dz:1020138291","2026-09-25","2026-10-10"
"spotify:track:1w1BuLk0tyKqEBxHFHGAgt","Who Tells Your Story (feat. Common & Ingrid Michaelson)","The Roots, Common, Ingrid Michaelson","78xUyw6FkVZrRAtziFdtdu|2GHclqNVjqGuiE5mA7BEoc|2vm8GdHyrJh2O2MfbQFYG0","dz:1020138291","2026-09-25","2026-10-10"
"spotify:track:7JVzLEcFaztD52Qh2mC13F","Dear Theodosia - Reprise","Chance the Rapper, Francis and the Lights","1anyVhU62p31KFi8MEzkbf|23EA28263XvtIrXuySX6oI","dz:1020138291","2026-09-25","2026-10-10"
"spotify:track:2cxrIBqPnnNo8VCHVbMuQ8","Ben Franklin's Song","The Decemberists","7ITd48RbLVpUfheE7B86o2","dz:1020138291","2026-09-25","2026-10-10"
"spotify:track:6C9sBrRuwuk17Oz1G1YLDo","Wrote My Way Out (Remix) [feat. Aloe Blacc]","Royce Da 5'9"", Joyner Lucas, Black Thought, Aloe Blacc","6DVipHzYsPlIoA0DW8Gmns|6C1ohJrd5VydigQtaGy5Wa|6DJEUXZm0e2rAohdoZ5Voo|0id62QV2SZZfvBn9xpmuCl","dz:1020138291","2026-09-25","2026-10-10"
"spotify:track:1nPviczVgYM0kkQaPmrQ7V","The Hamilton Polka","""Weird Al"" Yankovic","1bDWGdIC2hardyt55nlQgG","dz:1020138291","2026-09-25","2026-10-10"
"spotify:track:614e8vP6QPe6YrL70ZIV02","Found/Tonight","Ben Platt, Lin-Manuel Miranda","6qGkLCMQkNGOJ079iEcC5k|4aXXDj9aZnlshx7mzj3W1N","dz:1020138291","2026-09-25","2026-10-10"
"spotify:track:3WbzpisYgfSP1rSelCzPKs","First Burn","Ari Afsar, Julia Harriman, Lexi Lawson, Rachelle Ann Go, Shoba Narayan","5G1hguk5ar7QZTEU282uhb|4pBuF0Sfo9lU7fA3ToTQ2i|1EeKw8GiJK3tQuvThTK3CH|0YaTdozvKSQ2UkOTTONmSJ|5LNiqorupgMehK3ewlUCvj","dz:1020138291","2026-09-25","2026-10-10"
"spotify:track:6SghvipuuezQ3TOoQXWRsN","Helpless","The Regrettes","67WNUxmM7y4WzHPAVzBu3E","dz:1020138291","2026-09-25","2026-10-10"
"spotify:track:3IfK1wvYNnxgYVJDPLLH8x","Boom Goes The Cannon...","Mobb Deep","6O2zJ0tId7g07yzHtX0yap","dz:1020138291","2026-09-25","2026-10-10"
"spotify:track:4AN759WUYZu7Uirz21KUZL","Rise Up Wise Up Eyes Up","Ibeyi","5Q8NEHGX70m1kkojbtm8wa","dz:1020138291","2026-09-25","2026-10-10"
"spotify:track:2C47fnHQVhdnpqi8GEL6SR","A Forgotten Spot (Olvidado)","Lin-Manuel Miranda, Zion & Lennox, De La Ghetto, Ivy Queen, Pj Sin Suela, Lucecita Benitez","4aXXDj9aZnlshx7mzj3W1N|21451j1KhjAiaYKflxBjr1|3EiLUeyEcA6fbRPSHkG5kb|6p2442ymrT9lZEuCZJdYcH|0AdjzZxHJ4MfbImx2rD0Df|6vd4vuyFEWedjOidsUFu3Y","dz:1020138291","2026-09-25","2026-10-10"
"spotify:track:3LipZcnC0Q97nWFwZks3rz","Theodosia Reprise","Sara Bareilles","2Sqr0DXoaYABbjBo9HaMkM","dz:1020138291","2026-09-25","2026-10-10"
"spotify:track:7zED2LNV5x2x66cJCJ2Ydd","One Last Time - 44 Remix","Christopher Jackson, Barack Obama, Bebe Winans","6sLwRSXSUF5JTUnQaFenyj|4FySKEW0F2fAmS8Jc5ClRv|6D9xBdOOyGHqOam9OShAWl","dz:1020138291","2026-09-25","2026-10-10"
"spotify:track:03yDrmuEWj53NmnwmMJM36","Cheering For Me Now","John Kander, Lin-Manuel Miranda","7xSEQmlssbeoIUdQ0HFjUT|4aXXDj9aZnlshx7mzj3W1N","dz:1020138291","2026-09-25","2026-10-10"
"spotify:track:1tCqtDfVjJb8T8nlvETXYZ","The HamilTEN Megamix - Live at the 2025 Tony Awards, Radio City Music Hall, New York City","Leslie Odom Jr., Lin-Manuel Miranda, Renée Elise Goldsberry, Phillipa Soo, Jasmine Cephas-Jones, Daveed Diggs, Jonathan Groff, Okieriete Onaodowan, Christopher Jackson, Original Broadway Cast of Hamilton","3cR4rhS2hBWqI7rJEBacvN|4aXXDj9aZnlshx7mzj3W1N|5VJN4jB6PqqEg4kJiAj6Eu|2OEGI2wrCVmvavKEOMlccy|4H3e5t5utgPvj6Nsuda5QF|3twuAojvYNrlWZpMkxLm3P|7KkqUt65v6LMtR369OQ6FB|6G3sPhnj4JBCsBVBGvZnkk|6sLwRSXSUF5JTUnQaFenyj|3UUJfRbrA2nTbcg4i0MOwu","dz:1020138291","2026-09-25","2026-10-10"
"spotify:track:4r1aL3yRUUFSPOIbIqmBGw","My Shot - Demo","Lin-Manuel Miranda","4aXXDj9aZnlshx7mzj3W1N","dz:1020138291","2026-09-25","2026-10-10"
"spotify:track:1XDuV1jGqmd04B3haAcwXy","Rewind","Diviners, 2svalor","22lnnGKlaDxk8sfzCNRJuA|2hkBTsFGlzzSBch6f1Bcyo","dz:1073597662","2026-09-25","2026-10-10"
"spotify:track:6nOiWI5lRk97qv8WyJbNQv","I love me","Mandi Fisher","1XHyxA5AhMBW2FItcfOeoC","dz:1080999032","2026-09-25","2026-10-10"
"spotify:track:12MIli33DAePXOMcp0y2Lm","Inception/Intro - Unshatter Film Soundtrack - Live in São Paulo","Linkin Park","6XyY86QOPPrYVGvF9ch6wz","dz:1037471352","2026-09-25","2026-10-10"
"spotify:track:2SdWRiVgpaejWhHzA6R2YA","Somewhere I Belong - Unshatter Film Soundtrack - Live in São Paulo","Linkin Park","6XyY86QOPPrYVGvF9ch6wz","dz:1037471352","2026-09-25","2026-10-10"
"spotify:track:54xHIXi2a2BOi7m5Xox142","The Emptiness Machine - Unshatter Film Soundtrack - Live in São Paulo","Linkin Park","6XyY86QOPPrYVGvF9ch6wz","dz:1037471352","2026-09-25","2026-10-10"
"spotify:track:4HTtgqe4J9bxX0bkyE4j9C","Creation/Interlude - Unshatter Film Soundtrack - Live in São Paulo","Linkin Park","6XyY86QOPPrYVGvF9ch6wz","dz:1037471352","2026-09-25","2026-10-10"
"spotify:track:6mU75LC9PLlmf2aBxqfM14","The Catalyst - Unshatter Film Soundtrack - Live in São Paulo","Linkin Park","6XyY86QOPPrYVGvF9ch6wz","dz:1037471352","2026-09-25","2026-10-10"
"spotify:track:5CHmzO7LiykrQVrmBgHepM","Waiting For the End - Unshatter Film Soundtrack - Live in São Paulo","Linkin Park","6XyY86QOPPrYVGvF9ch6wz","dz:1037471352","2026-09-25","2026-10-10"
"spotify:track:5DfIHwL3RtTf6xmUVrL4tX","Casualty - Unshatter Film Soundtrack - Live in São Paulo","Linkin Park","6XyY86QOPPrYVGvF9ch6wz","dz:1037471352","2026-09-25","2026-10-10"
"spotify:track:0YP7z2pu53bik6uX7tfWPL","Two Faced - Unshatter Film Soundtrack - Live in São Paulo","Linkin Park","6XyY86QOPPrYVGvF9ch6wz","dz:1037471352","2026-09-25","2026-10-10"
"spotify:track:0JFWU4MYTr2njSM8EQ0PyG","Break Collapse/Interlude - Unshatter Film Soundtrack - Live in São Paulo","Linkin Park","6XyY86QOPPrYVGvF9ch6wz","dz:1037471352","2026-09-25","2026-10-10"
"spotify:track:5lLYhn61327TTcnPwn5Eb6","Lost - Unshatter Film Soundtrack - Live in São Paulo","Linkin Park","6XyY86QOPPrYVGvF9ch6wz","dz:1037471352","2026-09-25","2026-10-10"
"spotify:track:043TnILbwnO6PsRcNTZ6cP","What I've Done - Unshatter Film Soundtrack - Live in São Paulo","Linkin Park","6XyY86QOPPrYVGvF9ch6wz","dz:1037471352","2026-09-25","2026-10-10"
"spotify:track:6IpqtE5NtLEdusMtMYu0iy","Leave Out All The Rest - Unshatter Film Soundtrack - Live in São Paulo","Linkin Park","6XyY86QOPPrYVGvF9ch6wz","dz:1037471352","2026-09-25","2026-10-10"
"spotify:track:4h6dlbi9Kg5Mx0DHqQ5upy","Over Each Other - Unshatter Film Soundtrack - Live in São Paulo","Linkin Park","6XyY86QOPPrYVGvF9ch6wz","dz:1037471352","2026-09-25","2026-10-10"
"spotify:track:09zHgSxmOLR3SvP1339Vc3","Numb - Unshatter Film Soundtrack - Live in São Paulo","Linkin Park","6XyY86QOPPrYVGvF9ch6wz","dz:1037471352","2026-09-25","2026-10-10"
"spotify:track:32L41xgGw8Usygswynx9CF","In the End - Unshatter Film Soundtrack - Live in São Paulo","Linkin Park","6XyY86QOPPrYVGvF9ch6wz","dz:1037471352","2026-09-25","2026-10-10"
"spotify:track:1y9NrmniqrvYAv2PP2gGyx","Faint - Unshatter Film Soundtrack - Live in São Paulo","Linkin Park","6XyY86QOPPrYVGvF9ch6wz","dz:1037471352","2026-09-25","2026-10-10"
"spotify:track:50Vce7AoPvz248CPGOGb3A","Resolution/Intro - Unshatter Film Soundtrack - Live in São Paulo","Linkin Park","6XyY86QOPPrYVGvF9ch6wz","dz:1037471352","2026-09-25","2026-10-10"
"spotify:track:6LmEnJWxVaoztvqBzTOIkL","Papercut - Unshatter Film Soundtrack - Live in São Paulo","Linkin Park","6XyY86QOPPrYVGvF9ch6wz","dz:1037471352","2026-09-25","2026-10-10"
"spotify:track:3JPzP3I4ygLqESp9ZyvVJc","Heavy Is the Crown - Unshatter Film Soundtrack - Live in São Paulo","Linkin Park","6XyY86QOPPrYVGvF9ch6wz","dz:1037471352","2026-09-25","2026-10-10"
"spotify:track:53rWbgim0mPWpI2oqOtn5J","Bleed It Out - Unshatter Film Soundtrack - Live in São Paulo","Linkin Park","6XyY86QOPPrYVGvF9ch6wz","dz:1037471352","2026-09-25","2026-10-10"
"spotify:track:5IQJwp2iUPSimeXGXW4Vw3","Tokyo Lift (5am)","Cautious Clay","6iWuBN32BqCJAeXW6o3nil","dz:1081529182","2026-09-25","2026-10-10"
"spotify:track:3h2hD8aDKzP5b1ufunaa6Z","No Champagne (6am)","Cautious Clay","6iWuBN32BqCJAeXW6o3nil","dz:1081529182","2026-09-25","2026-10-10"
"spotify:track:1PVhFudfsu9TpVUMbAkLBU","Traffic (7am)","Cautious Clay","6iWuBN32BqCJAeXW6o3nil","dz:1081529182","2026-09-25","2026-10-10"
"spotify:track:0uTbIfNKIJMuG7qgaXrMz6","The Plot (8am)","Cautious Clay","6iWuBN32BqCJAeXW6o3nil","dz:1081529182","2026-09-25","2026-10-10"
"spotify:track:2qZZaeXlhjRisYRYbz2snh","Promises (9am)","Cautious Clay","6iWuBN32BqCJAeXW6o3nil","dz:1081529182","2026-09-25","2026-10-10"
"spotify:track:4elTexnLKE4kdCp5b4o2H2","Father Time (10am)","Cautious Clay","6iWuBN32BqCJAeXW6o3nil","dz:1081529182","2026-09-25","2026-10-10"
"spotify:track:0rMwRGIFpYe5kreqSgfhIq","Amber (11am)","Cautious Clay","6iWuBN32BqCJAeXW6o3nil","dz:1081529182","2026-09-25","2026-10-10"
"spotify:track:4CTAaJZrMBoXtTp4OisJYR","Smoke Break (12pm)","Cautious Clay","6iWuBN32BqCJAeXW6o3nil","dz:1081529182","2026-09-25","2026-10-10"
"spotify:track:31CW4UCzjfxqpGfgZ5a6o1","Green Screen (1pm)","Cautious Clay","6iWuBN32BqCJAeXW6o3nil","dz:1081529182","2026-09-25","2026-10-10"
"spotify:track:2lwSmKDkoyHLWKySz3N5uF","Ivy (2pm)","Cautious Clay","6iWuBN32BqCJAeXW6o3nil","dz:1081529182","2026-09-25","2026-10-10"
"spotify:track:1dH3X7jgkHMKo0WCvZbvSq","Trail Mix (3pm)","Cautious Clay","6iWuBN32BqCJAeXW6o3nil","dz:1081529182","2026-09-25","2026-10-10"
"spotify:track:4wgY9049j3zmzUdMvY5IE3","The Light (4pm)","Cautious Clay","6iWuBN32BqCJAeXW6o3nil","dz:1081529182","2026-09-25","2026-10-10"
"spotify:track:6IzhG1ENIwWhNTo7xilAGb","Red Blossom (5pm)","Cautious Clay","6iWuBN32BqCJAeXW6o3nil","dz:1081529182","2026-09-25","2026-10-10"
"spotify:track:72KsyuFnSfYTiDZ2R4X81O","Wave Chaser (6pm)","Cautious Clay","6iWuBN32BqCJAeXW6o3nil","dz:1081529182","2026-09-25","2026-10-10"
"spotify:track:6ljXOdZ3LazMXpO8UQLpAe","Mood Swing (7pm)","Cautious Clay","6iWuBN32BqCJAeXW6o3nil","dz:1081529182","2026-09-25","2026-10-10"
"spotify:track:2J704WdgBqjnEqWEN3ZKHK","Shadow of a Doubt (8pm)","Cautious Clay","6iWuBN32BqCJAeXW6o3nil","dz:1081529182","2026-09-25","2026-10-10"
"spotify:track:1K9tfN9vx8HqApiCiqSNRz","Shoulders (9pm)","Cautious Clay","6iWuBN32BqCJAeXW6o3nil","dz:1081529182","2026-09-25","2026-10-10"
"spotify:track:0wqdW2mHvaxCLiCoZt9ifI","5th Floor (10pm)","Cautious Clay, Q-Tip","6iWuBN32BqCJAeXW6o3nil|3ZotbHeyVQKxQCPDJuQ4SU","dz:1081529182","2026-09-25","2026-10-10"
"spotify:track:5uEmo5jDXVTRxxANcy6VgC","Fade Blue (11pm)","Cautious Clay","6iWuBN32BqCJAeXW6o3nil","dz:1081529182","2026-09-25","2026-10-10"
"spotify:track:0ldUUFQdhcMgFVVDyqmU7e","The Deep End (12am)","Cautious Clay","6iWuBN32BqCJAeXW6o3nil","dz:1081529182","2026-09-25","2026-10-10"
"spotify:track:2BwKZLHCEt6weN0I5wQSYl","New Rochelle (1am)","Cautious Clay","6iWuBN32BqCJAeXW6o3nil","dz:1081529182","2026-09-25","2026-10-10"
"spotify:track:4naoYzQWNuZRjyg3KVmaiY","Art Museum (2am)","Cautious Clay","6iWuBN32BqCJAeXW6o3nil","dz:1081529182","2026-09-25","2026-10-10"
"spotify:track:4yclGser8jMBDdhpZWTaJo","Alchemy (3am)","Cautious Clay","6iWuBN32BqCJAeXW6o3nil","dz:1081529182","2026-09-25","2026-10-10"
"spotify:track:02B7pMV2HXOa83bu2T8V9s","Flip a Coin (4am)","Cautious Clay","6iWuBN32BqCJAeXW6o3nil","dz:1081529182","2026-09-25","2026-10-10"
"spotify:track:5rA3GnawKZ9UdiIp2sMwxZ","Parachute","Adam Rigby","7zhjofAi8AUZAplEj4alB6","dz:1058038332","2026-09-25","2026-10-10"
"spotify:track:0UNi4kVTofek8fGN6vL8hG","Red All Over","Kelsey Hart","1WKwvWRG8MdHAwHsSv9lXb","dz:1059214952","2026-09-25","2026-10-10"
"spotify:track:2F2YFDAoFkM9l5mqUzjsfY","Love To Be That Guy","Kelsey Hart","1WKwvWRG8MdHAwHsSv9lXb","dz:1059214952","2026-09-25","2026-10-10"
"spotify:track:0cRCO3QOh8vg4SflCckQ46","She Hit The Road Jack","Kelsey Hart","1WKwvWRG8MdHAwHsSv9lXb","dz:1059214952","2026-09-25","2026-10-10"
"spotify:track:7LCBXRhHBQ1TvkgBcpkRYc","Country In Business","Kelsey Hart","1WKwvWRG8MdHAwHsSv9lXb","dz:1059214952","2026-09-25","2026-10-10"
"spotify:track:3Z9l0YPXQx3aQ1hNbbrief","A Little Wicked","Valerie Broussard","6eVWXmKBW7Iltub01D9R1c","dz:1063766511","2026-09-25","2026-10-10"
"spotify:track:5NZnUYBH2rhmsYTV5epIzK","A Little Wicked - Southern Gothic Version","Valerie Broussard","6eVWXmKBW7Iltub01D9R1c","dz:1063766511","2026-09-25","2026-10-10"
"spotify:track:1Y4N5JWpzYymjXj7bwyrEu","A Little Wicked - Battle Tapes Remix","Valerie Broussard, Battle Tapes","6eVWXmKBW7Iltub01D9R1c|2TdEIqWbLnZZHYRDWvVj67","dz:1063766511","2026-09-25","2026-10-10"
"spotify:track:5Z5gYlkdBTRA5zmgWhwqDv","A Little Wicked - Orchestral Version","Valerie Broussard","6eVWXmKBW7Iltub01D9R1c","dz:1063766511","2026-09-25","2026-10-10"
"spotify:track:4FzT7i1yfoIAh0lNkKidJK","BROKEN","In Waves, Alaina Cross","0DsEB5qf0886NBmjHIJ8U6|0jlGRdZB3lcogSl6nuojI5","dz:1101283672","2026-09-25","2026-10-10"
"spotify:track:1aQL20H0t2beNJ4WzEBDWc","See Me","ERIICE","3DVYnBKNeZTLLPvMaEbmzC","dz:1045224922","2026-09-25","2026-10-10"
"spotify:track:0aRAeMs2hCrXTxdMUy2gZG","I Love The One","Lady A, Boyz II Men, The Chosen","32WkQRZEVKSzVAAYqukAEA|6O74knDqdv3XaWtkII7Xjp|4zaS9mItqCC5OQpML2VDu2","dz:1081519422","2026-09-25","2026-10-10"
"spotify:track:5kl34h3Wz6cxXaln306QO0","Pompeii","ATLVS, Rosevillage","3zcZNSdCKa9EJ6RqELAcPo|0L53vsjLebVdTLXzSeXK71","dz:1070153642","2026-09-25","2026-10-10"
"spotify:track:6f5Xz6NRQFAxyKyaBItOXb","Your Love","Jonas Dean, Robbie Rosen, last vice","1jCVpbwoz7T3f2dmj0JwtW|1569hvm0IW3DHOfruYP2lM|4O8fOWGIPMbJtpjeuxRH2p","dz:1079301102","2026-09-25","2026-10-10"
"spotify:track:2CrKhPmxnL9itKaJMTQu5C","BULLS","Greyson Chance","0Qnx1MPnHYt3jJCYrRFVwX","dz:1009126261","2026-09-25","2026-10-10"
"spotify:track:32w2m2sYyVq9oglWFtgC9N","SAND","Greyson Chance, Cain Culto","0Qnx1MPnHYt3jJCYrRFVwX|7IFepbBZvGSOYFzTk5Shub","dz:1009126261","2026-09-25","2026-10-10"
"spotify:track:3SYHl4xodrro05FrGfSEzc","DIRTY LAUNDRY","Greyson Chance","0Qnx1MPnHYt3jJCYrRFVwX","dz:1009126261","2026-09-25","2026-10-10"
"spotify:track:7pmf3EBBCssgbQMgapePLu","SUGAR RUSH","Greyson Chance","0Qnx1MPnHYt3jJCYrRFVwX","dz:1009126261","2026-09-25","2026-10-10"
"spotify:track:7HOFt32JOerlYvrHehIcJd","STAGES","Greyson Chance","0Qnx1MPnHYt3jJCYrRFVwX","dz:1009126261","2026-09-25","2026-10-10"
"spotify:track:2SglgnxRrZJw3kKEAWHRrW","BOYSTOWN","Greyson Chance","0Qnx1MPnHYt3jJCYrRFVwX","dz:1009126261","2026-09-25","2026-10-10"
"spotify:track:6H0CFMSxgwAn0hEO0jq6Ul","JOCK PORN","Greyson Chance","0Qnx1MPnHYt3jJCYrRFVwX","dz:1009126261","2026-09-25","2026-10-10"
"spotify:track:1RJ1O71RE7dHfc41b49dV4","RED FLAGS","Greyson Chance","0Qnx1MPnHYt3jJCYrRFVwX","dz:1009126261","2026-09-25","2026-10-10"
"spotify:track:19ltrEn3Kw8zucucHXxvLP","BODY DELIGHT","Greyson Chance","0Qnx1MPnHYt3jJCYrRFVwX","dz:1009126261","2026-09-25","2026-10-10"
"spotify:track:5rPZEfl6KWFTgub7Yeta3F","GARÇONOVA","Greyson Chance","0Qnx1MPnHYt3jJCYrRFVwX","dz:1009126261","2026-09-25","2026-10-10"
"spotify:track:0i5q2ocfcSuARtyzB70FgR","LOVE ODYSSEY","Greyson Chance","0Qnx1MPnHYt3jJCYrRFVwX","dz:1009126261","2026-09-25","2026-10-10"
"spotify:track:59lrjocxqKQiPbTyHiD9Oo","Collide","Glockenbach, Calum Scott","7GZJ2POiwPZoW7UVYjNj8i|6ydoSd3N2mwgwBHtF6K7eX","dz:1081529612","2026-09-25","2026-10-10"
"spotify:track:2mIcC19VGMrt3E8EUzINGS","Bad Reputation","Just Pete","719a6TvHrH0Zzpv9HEcufs","dz:1105793182","2026-09-25","2026-10-10"
"spotify:track:5DdTSzBDwGFf54X20MtUmc","I Know I'm Loved","Cade Thompson","0Rta8FGUn7TLTsFiumWoC4","dz:1053716662","2026-09-25","2026-10-10"
"spotify:track:4aXun4cIQR8mLweXAJ0Sf5","70x7","Anna Golden","3YChYj3gO6EJmFwI79cUSe","dz:1081520812","2026-09-25","2026-10-10"
"spotify:track:3aIiYA7YV49pMP48GkRczt","Come And Get It","Sunwaves, Poylux, Rich Fayden","6KcoE2oco22TIP1YOQmgBm|1ST0rgGokl1BkQ9CN5d4Sh|3ar8JGsr43jlNDacAnqt34","dz:1079298582","2026-09-25","2026-10-10"
"spotify:track:1g8rsnKJGTQmtUGArw9bZa","Face the Wall - Dark-Side Mix","Peter Gabriel","7C4sUpWGlTy7IANjruj02I","dz:1106805702","2026-09-26","2026-10-10"
"spotify:track:2RKn4rnRGIb2mXKVScKuS8","Kon Tiki 2027","J-Dawg, Lille Saus, PRIMA","18KsILOMx3thJRzBYBnKHW|15saPvefLxxtw3nvTOCUg0|1w3OKzIZ1dDPXsWb6tN5lz","dz:1104708782","2026-09-26","2026-10-10"
"spotify:track:7dkl7HLyzaImMqoVvg5n62","شظايا","RAM6","3A4KhjLCdRcGjdyivhkJeY","dz:1102237302","2026-09-26","2026-10-10"
"spotify:track:6DPduXdSitBLOikEObdFWn","Dios levantó un altar en tus ruinas","Alabanzas Cristianas","2QuvmDcAU2EFX08IoA8qIO","dz:1061609052","2026-09-26","2026-10-10"
"spotify:track:1gulcHa30X8X1JRGZa9li2","Cristo Conoce Tu Miedo Oculto","Alabanzas Cristianas","2QuvmDcAU2EFX08IoA8qIO","dz:1080124972","2026-09-26","2026-10-10"
"spotify:track:6rbN2nTvPZGCBqbMGyvBTf","NON SIAMO NEMICI","WILD","2fOPBw0mQtKlAmLhFDKBso","dz:1079768332","2026-09-26","2026-10-10"
"spotify:track:69qdpdAtjfJfS8j8aZNl5j","1. FC Union Berlin Song - 2026-2027","Football Poet","333TthZsHl90l3kyAOyUZr","dz:1106705882","2026-09-26","2026-10-10"
"spotify:track:1RQ2UIoQZgNV3OLCJm8biv","I'll Wait For You","Riley Addams","6AJUxnLumHGSyTeujVGbf5","dz:1107595092","2026-09-26","2026-10-10"
"spotify:track:3OU7WTcDzJtxq4GnlX2wiS","Aftershock","Riley Addams","6AJUxnLumHGSyTeujVGbf5","dz:1107628942","2026-09-26","2026-10-10"
"spotify:track:06JjqD03jReJV91Z6664C7","Forgiveness","Riley Addams","6AJUxnLumHGSyTeujVGbf5","dz:1107715792","2026-09-26","2026-10-10"
"spotify:track:7bzkugI3iudOwFO4OKG0X7","Come Back Home","Sloane","0dIHNRtVhvvwmSITRuYThx","dz:1101988962","2026-09-26","2026-10-10"
"spotify:track:0RGL3MLrOeIlNyXBmi0o7h","The Moon Don't Shine","Sloane","0dIHNRtVhvvwmSITRuYThx","dz:1101988962","2026-09-26","2026-10-10"
"spotify:track:55GQgXZ7gPy6yX9rNWuFES","One Sudden Kiss","Sloane","4pMbZsrBHP9WrQA5xfpG1Z","dz:1107628712","2026-09-26","2026-10-10"
"spotify:track:6heUdYoFCEx3jR0jhsCeH0","Your Map, My Design","Sloane","4pMbZsrBHP9WrQA5xfpG1Z","dz:1107674132","2026-09-26","2026-10-10"
"spotify:track:7p62rEcHRPoaQy1s7Yo1qK","Back In Time","Logan Smith","1HOdzO5nvSMmjWnklvIEDN","dz:1107296442","2026-09-26","2026-10-10"
"spotify:track:2SqactV6DrlS2QopibvQTC","Bruce Wayne","Maybe","5W0vGqI5ciQoidIVseZBor","dz:1107564232","2026-09-26","2026-10-10"
"spotify:track:6s9Yzj7W29RhmqWCpC76Hx","A Dream Don't Come Easy","Scars On 45","5ltIfb6fKhN2sxGic1WRWy","dz:1103846732","2026-09-26","2026-10-10"
"spotify:track:5DyTCxmiW6fc77nJDlOgGd","Breakaway","Scars On 45","5ltIfb6fKhN2sxGic1WRWy","dz:1103846732","2026-09-26","2026-10-10"
"spotify:track:1SmfjIneYTM1IT6zlYxjn4","Silhouettes","Scars On 45","5ltIfb6fKhN2sxGic1WRWy","dz:1103846732","2026-09-26","2026-10-10"
"spotify:track:0tp4mXqLlyRtNyBlrsRaQt","It's Not You, It Will Always Be Me","Scars On 45","5ltIfb6fKhN2sxGic1WRWy","dz:1103846732","2026-09-26","2026-10-10"
"spotify:track:5KmqLNZHITY50aPyM14NRa","The Outlaw","Scars On 45","5ltIfb6fKhN2sxGic1WRWy","dz:1103846732","2026-09-26","2026-10-10"
"spotify:track:1tFwtGroqWnTlX9xTKhCTd","Everyday","Scars On 45","5ltIfb6fKhN2sxGic1WRWy","dz:1103846732","2026-09-26","2026-10-10"
"spotify:track:7LbFjwvWUN645ejFzeQ9st","The Friend We Can't Forget","Scars On 45","5ltIfb6fKhN2sxGic1WRWy","dz:1103846732","2026-09-26","2026-10-10"
"spotify:track:5Xrf8w5yxPp0hxY8PPZ9Js","The Stranger That I Was Before","Scars On 45","5ltIfb6fKhN2sxGic1WRWy","dz:1103846732","2026-09-26","2026-10-10"
"spotify:track:6mxeJd5QndC4j7CNLvU2jW","Pictures Of Polly","Scars On 45","5ltIfb6fKhN2sxGic1WRWy","dz:1103846732","2026-09-26","2026-10-10"
"spotify:track:0qARtNjh3X07xCoUQF5zuD","Wishing Well","Scars On 45","5ltIfb6fKhN2sxGic1WRWy","dz:1103846732","2026-09-26","2026-10-10"
"spotify:track:4QNtB5btZxl52o1sgq24As","We All Make Amends In The End","Scars On 45","5ltIfb6fKhN2sxGic1WRWy","dz:1103846732","2026-09-26","2026-10-10"
"spotify:track:6vkHtjhnQzaeS4dR9HNKPW","A Dream Don't Come Easy","Scars On 45","5ltIfb6fKhN2sxGic1WRWy","dz:1106199432","2026-09-26","2026-10-10"
"spotify:track:71w93x2744Ns7sBXBAMnY8","Breakaway","Scars On 45","5ltIfb6fKhN2sxGic1WRWy","dz:1106199432","2026-09-26","2026-10-10"
"spotify:track:1tqXxoZFomXPtFWqSYbncn","Silhouettes","Scars On 45","5ltIfb6fKhN2sxGic1WRWy","dz:1106199432","2026-09-26","2026-10-10"
"spotify:track:7lW9cLsvQk8fzry5REG8xs","It's Not You, It Will Always Be Me","Scars On 45","5ltIfb6fKhN2sxGic1WRWy","dz:1106199432","2026-09-26","2026-10-10"
"spotify:track:2zcZpSaIhXGVH3AqeIOAPB","The Outlaw","Scars On 45","5ltIfb6fKhN2sxGic1WRWy","dz:1106199432","2026-09-26","2026-10-10"
"spotify:track:2m5o7n0zoCDApSUxhuSLWv","Everyday","Scars On 45","5ltIfb6fKhN2sxGic1WRWy","dz:1106199432","2026-09-26","2026-10-10"
"spotify:track:7rpV2WmiluhoC0dQIrFXHc","The Friend We Can't Forget","Scars On 45","5ltIfb6fKhN2sxGic1WRWy","dz:1106199432","2026-09-26","2026-10-10"
"spotify:track:3HiF53Q9txsINd1VohnjTF","The Stranger That I Was Before","Scars On 45","5ltIfb6fKhN2sxGic1WRWy","dz:1106199432","2026-09-26","2026-10-10"
"spotify:track:7HT9E4hStreFxoqNGoiJry","Pictures Of Polly","Scars On 45","5ltIfb6fKhN2sxGic1WRWy","dz:1106199432","2026-09-26","2026-10-10"
"spotify:track:7fUW1ocz1EDWrd6p5ug4HL","Wishing Well","Scars On 45","5ltIfb6fKhN2sxGic1WRWy","dz:1106199432","2026-09-26","2026-10-10"
"spotify:track:3OK9xOtwW6TQ5n1p4QT7hj","We All Make Amends In The End","Scars On 45","5ltIfb6fKhN2sxGic1WRWy","dz:1106199432","2026-09-26","2026-10-10"
"spotify:track:7m2Y7oO66HsWLt569yfHT7","Sisters (Bonus Track)","Scars On 45","5ltIfb6fKhN2sxGic1WRWy","dz:1106199432","2026-09-26","2026-10-10"
"spotify:track:4LuEYFKbqN3NMd3qDBrnH3","A Song For Someone (Bonus Track)","Scars On 45","5ltIfb6fKhN2sxGic1WRWy","dz:1106199432","2026-09-26","2026-10-10"
"spotify:track:4m2gSzk0Jl63lDIltLB8Fm","Mr Know It All (Bonus Track)","Scars On 45","5ltIfb6fKhN2sxGic1WRWy","dz:1106199432","2026-09-26","2026-10-10"
"spotify:track:32IZw6u2OXGr7qvHxovxL8","Craft Your World","Minecraft, Camilo Forero, Bleeding Fingers","7i68fmsIERvgavI8Q1H09h|3wYYTH23ffRvo8s9xb2K55|1UpmxFaO2uAw5IPK1JUxib","dz:1101807142","2026-09-27","2026-10-10"
"spotify:track:6J37zZcZDPzI5Cpbac9OSb","Icy Adventures","Minecraft, Camilo Forero, Bleeding Fingers","7i68fmsIERvgavI8Q1H09h|3wYYTH23ffRvo8s9xb2K55|1UpmxFaO2uAw5IPK1JUxib","dz:1101807142","2026-09-27","2026-10-10"
"spotify:track:7HcFeIkp7dWwNgVTkqJSLA","Ice Caves","Minecraft, Camilo Forero, Bleeding Fingers","7i68fmsIERvgavI8Q1H09h|3wYYTH23ffRvo8s9xb2K55|1UpmxFaO2uAw5IPK1JUxib","dz:1101807142","2026-09-27","2026-10-10"
"spotify:track:3qmtYurYXvfjkwLPG4t5Si","Office Hours","Minecraft, Camilo Forero, Bleeding Fingers","7i68fmsIERvgavI8Q1H09h|3wYYTH23ffRvo8s9xb2K55|1UpmxFaO2uAw5IPK1JUxib","dz:1101807142","2026-09-27","2026-10-10"
"spotify:track:3BoOOtWWe7RFsAVWmhqJVg","Unnodu","Sri","40PJGgLIiuRj7dlxbyfi8p","dz:1108118322","2026-09-27","2026-10-10"
"spotify:track:5DHnkdGMU4KbuvbdONTdBo","Welcome To Tuscaloosa","David Allen","7j6jhTE9IqEgfosaebMdMB","dz:1106754692","2026-09-27","2026-10-10"
"spotify:track:2HRGlqQT49Qp7uV8Vp77Pi","Welcome To Baton Rouge","David Allen","7j6jhTE9IqEgfosaebMdMB","dz:1106773232","2026-09-27","2026-10-10"
"spotify:track:0UvlPdBRyDFGh0ldCgFTiS","Welcome To Oxford","David Allen","7j6jhTE9IqEgfosaebMdMB","dz:1106775492","2026-09-27","2026-10-10"
"spotify:track:40UkOGe1YhAfYCgMO8U7wY","I Wish I Knew","ELIAN FROST","1nfeNQNeB602cdXvEemd5d","dz:1104735702","2026-09-27","2026-10-10"
"spotify:track:1ZCWWnEKf1aaerboq8X4sl","Cheers To The Fuck-Ups","Fuzzy Butt Bassel","2uPOPvHgIA5aj59xqoWU2p","dz:1080431942","2026-09-27","2026-10-10"
"spotify:track:43KkCgEopRPq6DXUVAF7fF","New Season of Praise","Faithful","4sXZUF5caw3QudWlLcQmkJ","dz:1080410812","2026-09-27","2026-10-10"
"spotify:track:6KPHs7MZPw7J6xBhZ2sAeK","The Lord helped me","Faithful","4sXZUF5caw3QudWlLcQmkJ","dz:1080513222","2026-09-27","2026-10-10"
"spotify:track:7DoEN69LzgvyHGMAkCd0GT","Royal Tea Time","Niccolo Pacella, Bruce Fingers, Billie Ray Fingers, Bleeding Fingers","3hqBV626iVrywoEFjGBvNi|689ndZPmcwl1cVI4GfJIJt|4FVnR5Yk58x4EhLwkuH6uM|1UpmxFaO2uAw5IPK1JUxib","dz:1110415132","2026-09-28","2026-10-10"
"spotify:track:57XmRyS1rdYfn54dIjew3F","Baroque Ass Bitch","Sami Goldberg, Bruce Fingers, Billie Ray Fingers, Bleeding Fingers","4sgIqswGo3Rsyf661saJ9m|689ndZPmcwl1cVI4GfJIJt|4FVnR5Yk58x4EhLwkuH6uM|1UpmxFaO2uAw5IPK1JUxib","dz:1110415132","2026-09-28","2026-10-10"
"spotify:track:2n2QYVus9Qo59iHr7VVOm3","Four Treasons","Sergii Leontiev, Bruce Fingers, Billie Ray Fingers, Bleeding Fingers","55i1LhkoTKyF8ujVaL6cc5|689ndZPmcwl1cVI4GfJIJt|4FVnR5Yk58x4EhLwkuH6uM|1UpmxFaO2uAw5IPK1JUxib","dz:1110415132","2026-09-28","2026-10-10"
"spotify:track:6D6ZtqaA76AK8hiS6i4pzs","Bad To The Throne","Stewart Mitchell, Lauryn Kurniawan, Bruce Fingers, Billie Ray Fingers, Bleeding Fingers","6ZhRTQ1KKtcF7uKenhyB6b|7Ih7KFfUwkAtBDi0h4rY6a|689ndZPmcwl1cVI4GfJIJt|4FVnR5Yk58x4EhLwkuH6uM|1UpmxFaO2uAw5IPK1JUxib","dz:1110415132","2026-09-28","2026-10-10"
"spotify:track:4so8HdN5SV1ujm4xbQIoXn","Worth Every Penny","Nga Weng Chio, Ho-Ling Tang, Bruce Fingers, Billie Ray Fingers, Bleeding Fingers","4YAhNzWmr2JGXDVANTUUsR|1zjMbFMDhgI1z64HLRqPGH|689ndZPmcwl1cVI4GfJIJt|4FVnR5Yk58x4EhLwkuH6uM|1UpmxFaO2uAw5IPK1JUxib","dz:1110415132","2026-09-28","2026-10-10"
"spotify:track:1slxAdTCXo64kKTLVCcUv9","Throneworthy","Sami Goldberg, Bruce Fingers, Billie Ray Fingers, Bleeding Fingers","4sgIqswGo3Rsyf661saJ9m|689ndZPmcwl1cVI4GfJIJt|4FVnR5Yk58x4EhLwkuH6uM|1UpmxFaO2uAw5IPK1JUxib","dz:1110415132","2026-09-28","2026-10-10"
"spotify:track:44oBibAZZePXyBVOCNNny6","Malice At The Palace","Matthew Acheson, Bruce Fingers, Billie Ray Fingers, Bleeding Fingers","4pRnMWW2xT7bxhD61kyUr1|689ndZPmcwl1cVI4GfJIJt|4FVnR5Yk58x4EhLwkuH6uM|1UpmxFaO2uAw5IPK1JUxib","dz:1110415132","2026-09-28","2026-10-10"
"spotify:track:58Cd9jYplX4qxokxGZIjs2","The Bold and Noble","Gabriel Hays, Bruce Fingers, Billie Ray Fingers, Bleeding Fingers","6NLXbYWh9eiAV21A3fGEKF|689ndZPmcwl1cVI4GfJIJt|4FVnR5Yk58x4EhLwkuH6uM|1UpmxFaO2uAw5IPK1JUxib","dz:1110415132","2026-09-28","2026-10-10"
"spotify:track:53toyK58b4yR6E872zqno3","Throne Room Service","Sami Goldberg, Bruce Fingers, Billie Ray Fingers, Bleeding Fingers","4sgIqswGo3Rsyf661saJ9m|689ndZPmcwl1cVI4GfJIJt|4FVnR5Yk58x4EhLwkuH6uM|1UpmxFaO2uAw5IPK1JUxib","dz:1110415132","2026-09-28","2026-10-10"
"spotify:track:3btBeHPTMTZI6jf5wJCD6Z","Daggers Vs Diplomacy","Giovanni Rios, Argin Hovsepian, Bruce Fingers, Billie Ray Fingers, Bleeding Fingers","5bJbyAOugvWGdfwZ2Yzptl|2V2R2q6vFjMvRBqH7Pvg6l|689ndZPmcwl1cVI4GfJIJt|4FVnR5Yk58x4EhLwkuH6uM|1UpmxFaO2uAw5IPK1JUxib","dz:1110415132","2026-09-28","2026-10-10"
"spotify:track:3R6Gu8Uz0urXOFOfonvz8Y","Reign Over Me","Luca Poloni, Bruce Fingers, Billie Ray Fingers, Bleeding Fingers","4WhW4Sd0mV0gKR7B1PzCdt|689ndZPmcwl1cVI4GfJIJt|4FVnR5Yk58x4EhLwkuH6uM|1UpmxFaO2uAw5IPK1JUxib","dz:1110415132","2026-09-28","2026-10-10"
"spotify:track:6DriVn07Uy8SFStn4LMaBX","Steppe Up","Christian Lundberg, Bruce Fingers, Billie Ray Fingers, Bleeding Fingers","0jyB5RKHNuA4Wfkk8hhGQe|689ndZPmcwl1cVI4GfJIJt|4FVnR5Yk58x4EhLwkuH6uM|1UpmxFaO2uAw5IPK1JUxib","dz:1116080292","2026-09-28","2026-10-10"
"spotify:track:70SJ0HT6acU2HBaDHWWCge","Days of Tundra","Kara Talve, Sami Goldberg, Bruce Fingers, Billie Ray Fingers, Bleeding Fingers","3EHtbaE4XfijksNLg8kK3N|4sgIqswGo3Rsyf661saJ9m|689ndZPmcwl1cVI4GfJIJt|4FVnR5Yk58x4EhLwkuH6uM|1UpmxFaO2uAw5IPK1JUxib","dz:1116080292","2026-09-28","2026-10-10"
"spotify:track:0d6LOnBHfdwFGlEWx65nWo","Root Signal","Anže Rozman, Bruce Fingers, Billie Ray Fingers, Bleeding Fingers","6e35AnLj77a8zEL36syCjn|689ndZPmcwl1cVI4GfJIJt|4FVnR5Yk58x4EhLwkuH6uM|1UpmxFaO2uAw5IPK1JUxib","dz:1116080292","2026-09-28","2026-10-10"
"spotify:track:7iFexgreH7VOVKAamdZvSX","The Greatest Plains","Kara Talve, Niccolo Pacella, Bruce Fingers, Billie Ray Fingers, Bleeding Fingers","3EHtbaE4XfijksNLg8kK3N|3hqBV626iVrywoEFjGBvNi|689ndZPmcwl1cVI4GfJIJt|4FVnR5Yk58x4EhLwkuH6uM|1UpmxFaO2uAw5IPK1JUxib","dz:1116080292","2026-09-28","2026-10-10"
"spotify:track:3aI0KPxIM0TmDKvohmkBA3","Where The Bison Run","Chris Brocato, Bruce Fingers, Billie Ray Fingers, Bleeding Fingers","0H6zVlfo51B43uELXS4NOT|689ndZPmcwl1cVI4GfJIJt|4FVnR5Yk58x4EhLwkuH6uM|1UpmxFaO2uAw5IPK1JUxib","dz:1116080292","2026-09-28","2026-10-10"
"spotify:track:0gto2e2MXrEYHciToORmvw","Graze The Roof","Adam Lukas, Ricardo Corona Jr, Bruce Fingers, Billie Ray Fingers, Bleeding Fingers, Ricky Corona","4E39NH9eiLP3IMISn28wCd|0gOXvvK3nSuE8pcP7FnS9e|689ndZPmcwl1cVI4GfJIJt|4FVnR5Yk58x4EhLwkuH6uM|1UpmxFaO2uAw5IPK1JUxib|6tPucJOjlGweXcDDR4Tgsx","dz:1116080292","2026-09-28","2026-10-10"
"spotify:track:4wBad8aHOzlWZICCxwnKYF","Prairie Godmother","James Everingham, Stewart Mitchell, Bruce Fingers, Billie Ray Fingers, Bleeding Fingers","2gn4jnqcC9yMXt6433gleQ|6ZhRTQ1KKtcF7uKenhyB6b|689ndZPmcwl1cVI4GfJIJt|4FVnR5Yk58x4EhLwkuH6uM|1UpmxFaO2uAw5IPK1JUxib","dz:1116080292","2026-09-28","2026-10-10"
"spotify:track:0c9TTKzCm3iG85LejHRfyp","For Better or Earth","Cameron Moody, Bruce Fingers, Billie Ray Fingers, Bleeding Fingers","6TM0KDwCVvqvXYAWkmGitk|689ndZPmcwl1cVI4GfJIJt|4FVnR5Yk58x4EhLwkuH6uM|1UpmxFaO2uAw5IPK1JUxib","dz:1116080292","2026-09-28","2026-10-10"
"spotify:track:3cW4k9S1kObxL3VQGtgGHm","Soil Survivor","Joseph S. Djafar, Bruce Fingers, Billie Ray Fingers, Bleeding Fingers","0eJM64RzvwVyOng2QwN8xd|689ndZPmcwl1cVI4GfJIJt|4FVnR5Yk58x4EhLwkuH6uM|1UpmxFaO2uAw5IPK1JUxib","dz:1116080292","2026-09-28","2026-10-10"
"spotify:track:2Qm13kTrtK9FoqNobuTN8N","Home On The Plains","Dylan Price, Bruce Fingers, Billie Ray Fingers, Bleeding Fingers","1iSm36hqWUvuoGgcFqh6ia|689ndZPmcwl1cVI4GfJIJt|4FVnR5Yk58x4EhLwkuH6uM|1UpmxFaO2uAw5IPK1JUxib","dz:1116080292","2026-09-28","2026-10-10"
"spotify:track:6bv3dZAwWse1PFkK96EihF","The Savanna Plan","Giovanni Rios, Jonathan Zuniga, Bruce Fingers, Billie Ray Fingers, Bleeding Fingers","5bJbyAOugvWGdfwZ2Yzptl|5R7P1H2iz6D6v69G5zNQt5|689ndZPmcwl1cVI4GfJIJt|4FVnR5Yk58x4EhLwkuH6uM|1UpmxFaO2uAw5IPK1JUxib","dz:1116080292","2026-09-28","2026-10-10"
"spotify:track:19iHmNye0Sv7mEclGaITAU","Herd Is The Word","Enzo Hwang, Bruce Fingers, Billie Ray Fingers, Bleeding Fingers","0yclVNv98tQi3swh154JBu|689ndZPmcwl1cVI4GfJIJt|4FVnR5Yk58x4EhLwkuH6uM|1UpmxFaO2uAw5IPK1JUxib","dz:1116080292","2026-09-28","2026-10-10"
"spotify:track:52cWD9k8YgDmxigzooQxsh","All Ecosystems Go","Austin Hammonds, Bruce Fingers, Billie Ray Fingers, Bleeding Fingers","0QlTSAM1KzEKkk2TjfNG4z|689ndZPmcwl1cVI4GfJIJt|4FVnR5Yk58x4EhLwkuH6uM|1UpmxFaO2uAw5IPK1JUxib","dz:1116080292","2026-09-28","2026-10-10"
"spotify:track:2VfMiWMPSdyGDl55V6P0q7","The Green Sea","Ian Shi, Bruce Fingers, Billie Ray Fingers, Bleeding Fingers","5XVgs8qDNLIbixbTtaX9Oh|689ndZPmcwl1cVI4GfJIJt|4FVnR5Yk58x4EhLwkuH6uM|1UpmxFaO2uAw5IPK1JUxib","dz:1116080292","2026-09-28","2026-10-10"
"spotify:track:0mPYwc27Eo12LsnKTdQshJ","All The Light Touches","Laurentia Editha, Bruce Fingers, Billie Ray Fingers, Bleeding Fingers","5UUH1zOJ08uIzQsld4CHpR|689ndZPmcwl1cVI4GfJIJt|4FVnR5Yk58x4EhLwkuH6uM|1UpmxFaO2uAw5IPK1JUxib","dz:1116080292","2026-09-28","2026-10-10"
"spotify:track:2o5BmajRipZIQ0LFCwRG9E","Jesús entró en mi peor capítulo","Alabanzas Cristianas","2QuvmDcAU2EFX08IoA8qIO","dz:1074636002","2026-09-28","2026-10-10"
"spotify:track:64zoHJ5ZdGbdB0eyrS7prx","CALLING","Noel","6x4YFP6IVxmR6vu1Vcletk","dz:1079650992","2026-09-28","2026-10-10"
"spotify:track:10WNPlII2zMJV8g1lzkILn","Last Day On Earth","CAIO KLIN","0YVHKLHGmiCRPYpSStH5K5","dz:1105089542","2026-09-28","2026-10-10"
"spotify:track:4AeQ2QfxTQBX5iO0MEGoHo","It's Easier","Stevie Wonder","7guDJrEfX3qb6FEbdPA5qi","dz:1105892652","2026-09-28","2026-10-10"
"spotify:track:3fcek9ONujbKm7piCwDBMN","My Life Story Of Love","Stevie Wonder","7guDJrEfX3qb6FEbdPA5qi","dz:1105892652","2026-09-28","2026-10-10"
"spotify:track:2x2uCGJHVPEwqv9MZXFw1r","I Can See The Sun In Late December","Stevie Wonder","7guDJrEfX3qb6FEbdPA5qi","dz:1105892652","2026-09-28","2026-10-10"
"spotify:track:6XLz9eG94OkudHCfwBvO3j","I'm Into Livin'","Stevie Wonder","7guDJrEfX3qb6FEbdPA5qi","dz:1105892652","2026-09-28","2026-10-10"
"spotify:track:2T2m4uwiVNzADSV3DLfCyN","come thru","Madden","5ykHGQiUWnUoKkFjCjFGRN","dz:1107991922","2026-09-28","2026-10-10"
"spotify:track:7ntYEA0vHDfdtEYSzN6fBQ","Es ist zu spät","REEM","4jRRarKvAK98KSFnfEJ2v0","dz:1108216052","2026-09-28","2026-10-10"
"spotify:track:2641yoked3yqiXvrk7xeSX","All Night","REEM","4jRRarKvAK98KSFnfEJ2v0","dz:1108216052","2026-09-28","2026-10-10"
"spotify:track:6VK4XIPr8YGSRzGoRxRbBa","Move Your Hips","REEM","4jRRarKvAK98KSFnfEJ2v0","dz:1108216052","2026-09-28","2026-10-10"
"spotify:track:4W34jySV7eXMgKLJJDmYdj","Liebe ohne Filter","REEM","4jRRarKvAK98KSFnfEJ2v0","dz:1108216052","2026-09-28","2026-10-10"
"spotify:track:0Qbd3uF3EBMGSuGvMpHQ1O","Blank Spaces","Sloane","4pMbZsrBHP9WrQA5xfpG1Z","dz:1107961432","2026-09-28","2026-10-10"
"spotify:track:5rICv8wOQd0V1c9Yg4Thqi","Beautiful Scar","Sloane","4pMbZsrBHP9WrQA5xfpG1Z","dz:1107966372","2026-09-28","2026-10-10"
"spotify:track:76x7ccelnUfxz6T36g2SIr","Yellow - Acoustic","Bailey Jehl","3HX0wFvwBn3wbxrtHuEUus","dz:1104678872","2026-09-28","2026-10-10"
"spotify:track:3TmYDOt3JHn94SDfOzTK9g","GOAT","Oran Juice Jones Ii, Jermaine Paul, Charles Paul","5JbJ5S40TJU19eEqVNPqtG|302jOsgU7aZW71XhLem57k|2cerdrlErRGemfgB0YiqeN","dz:1078767932","2026-09-28","2026-10-10"
"spotify:track:6SBEQbCURTLIgpLJe1q9i0","Do You Really Love Me","Cozz","0mOCetGD1Sgknegb9Ikhb6","dz:1108608722","2026-09-28","2026-10-10"
"spotify:track:32ppBfFwA1HreP8hWI8PRO","Corner","Upstate","5IBYZJRx7uNdYeMBYK5g8J","dz:1019889481","2026-09-29","2026-10-10"
"spotify:track:5EiPiQWbPeItVqpZnPyySI","B.I.T.C.H.","River Rose","0vJ37E3RKoHNbZlSWK0JTD","dz:1109418292","2026-09-29","2026-10-10"
"spotify:track:1AmzjiP36oNTYpzCdEv8Nj","What I Want","River Rose","0vJ37E3RKoHNbZlSWK0JTD","dz:1109501442","2026-09-29","2026-10-10"
"spotify:track:3K7Qq16yHN09GO2lPX5zwy","Still Learning To Transmute (The Blues)","River Rose, Royalty Z","0vJ37E3RKoHNbZlSWK0JTD|1bTbv8nEYsDfq8r9OLr9Mb","dz:1109890072","2026-09-29","2026-10-10"
"spotify:track:1mQPLb9lmLBgR9WtrdEIJX","It Can Be Everywhere","Josh Johnson","6E2QUbsHDVzmrf1TVfGdwf","dz:1039631592","2026-09-29","2026-10-10"
"spotify:track:09SYO0m7dK4i7un4IMz5Kv","9.22.45","David Allen","7j6jhTE9IqEgfosaebMdMB","dz:1107624592","2026-09-29","2026-10-10"
"spotify:track:1DceX8Q6yDVg3DWH6qhnPT","Main Baavri","Monali Thakur, Alok Ranjan Srivastava, Sahil Vishwakarma","2o4R2rK7FetH40HTv0SUWl|5DexCXOx7knvTPNU8KBYep|3cqINZyIxPLf7qW1cw0mQV","dz:1081496992","2026-09-29","2026-10-10"
"spotify:track:681XdgnL0vhBhNyDvIc58O","Ain’t Going Down (‘Til the Sun Comes Up)","Morgan Evans","6fzQ81ouajOEFqCIB9VwrS","dz:1109814042","2026-09-29","2026-10-10"
"spotify:track:7hkRMPZtUuD4dV7C05SQXm","the rest of my life","Abe Parker","5V61WloeXM3XLslOqJ8RES","dz:1109138152","2026-09-29","2026-10-10"
"spotify:track:3ZlkWcSiDJStKZBK3B6bXR","Hit'em Up","LOLO, Rack$FrmDaBlk","0TZnqwRHAgw9g4q5sTTNgC|0Px9ZK7Mz7LAedRHFtOGPd","dz:1110335452","2026-09-29","2026-10-10"
"spotify:track:2Sfd3GvRgtp1MtEYnD9ZCb","Pressure","LOLO","0TZnqwRHAgw9g4q5sTTNgC","dz:1110335732","2026-09-29","2026-10-10"
"spotify:track:72T7iJxocKsrpXtRKVqgbL","FASTIDIO","WILD","2fOPBw0mQtKlAmLhFDKBso","dz:1110220922","2026-09-29","2026-10-10"
"spotify:track:04Gwp96F8NxtyD6Ov0s7HK","I FINALLY UNDERSTAND LIFE","ELIAN FROST","1nfeNQNeB602cdXvEemd5d","dz:1105861752","2026-09-29","2026-10-10"
"spotify:track:0ef8FsRDv4Ocd65OayVAv7","James - Band Demo, June 12, 1975","Billy Joel","6zFYqv1mOsgBRQbae3JJ9e","dz:1100400262","2026-09-29","2026-10-10"
"spotify:track:3vBuNna9b71Ed8GJpuRRBO","Intro","Sloane","4pMbZsrBHP9WrQA5xfpG1Z","dz:1109937842","2026-09-29","2026-10-10"
"spotify:track:2OFf7ewz8HRphCF2rmshn7","The Part That Stayed","Sloane","4pMbZsrBHP9WrQA5xfpG1Z","dz:1109937842","2026-09-29","2026-10-10"
"spotify:track:5SKmKHVHuolFNuYHBMAqOq","Never Premeditated: Like A Bruised Riot","Sloane","4pMbZsrBHP9WrQA5xfpG1Z","dz:1109937842","2026-09-29","2026-10-10"
"spotify:track:36j56KQIw7eyxXhJPaZlTI","All the Ways You Are","Sloane","4pMbZsrBHP9WrQA5xfpG1Z","dz:1109937842","2026-09-29","2026-10-10"
"spotify:track:03UgdzXm1LwnIRbt7EVA3u","Half Past Two","Sloane","4pMbZsrBHP9WrQA5xfpG1Z","dz:1109937842","2026-09-29","2026-10-10"
"spotify:track:3BaIzGo7wQPDy4a5KkgHh2","The Perfect Dosage","Sloane","4pMbZsrBHP9WrQA5xfpG1Z","dz:1109801162","2026-09-29","2026-10-10"
"spotify:track:4AVhs8H70EMtL8oJPoZR9j","jersey trash","Jacquie","0SuQEAJ7EMAipBdrAYO4XS","dz:1105438182","2026-09-29","2026-10-10"
"spotify:track:76pgRsm6jXiniHjwtlNnQ8","There's Nothing Holdin' Me Back","Shawn Mendes","7n2wHs1TKAczGzO7Dd2rGr","dz:1106418052","2026-09-29","2026-10-10"
"spotify:track:1lKubhnt0A01lIquGhUR3x","Ruin","Shawn Mendes","7n2wHs1TKAczGzO7Dd2rGr","dz:1106418052","2026-09-29","2026-10-10"
"spotify:track:2Uu3DU3d6SjIAupIE7Drq9","Mercy","Shawn Mendes","7n2wHs1TKAczGzO7Dd2rGr","dz:1106418052","2026-09-29","2026-10-10"
"spotify:track:6DmrpFl7pkMkbWF0jQBvSO","Treat You Better","Shawn Mendes","7n2wHs1TKAczGzO7Dd2rGr","dz:1106418052","2026-09-29","2026-10-10"
"spotify:track:7LcHi84S3lZHrjBLjsPXPd","Three Empty Words","Shawn Mendes","7n2wHs1TKAczGzO7Dd2rGr","dz:1106418052","2026-09-29","2026-10-10"
"spotify:track:7f8EBXo3Me2rB8guKr6F6C","Don't Be A Fool","Shawn Mendes","7n2wHs1TKAczGzO7Dd2rGr","dz:1106418052","2026-09-29","2026-10-10"
"spotify:track:55w4tCCciAkefaMqwCAM3L","Like This","Shawn Mendes","7n2wHs1TKAczGzO7Dd2rGr","dz:1106418052","2026-09-29","2026-10-10"
"spotify:track:3oTdmXOMUvDCnvnFtt82m1","No Promises","Shawn Mendes","7n2wHs1TKAczGzO7Dd2rGr","dz:1106418052","2026-09-29","2026-10-10"
"spotify:track:3Vl5K4rsYWFENfZCIEG1mr","Lights On","Shawn Mendes","7n2wHs1TKAczGzO7Dd2rGr","dz:1106418052","2026-09-29","2026-10-10"
"spotify:track:6SaLt6kIe3mYMTuTYukItu","Honest","Shawn Mendes","7n2wHs1TKAczGzO7Dd2rGr","dz:1106418052","2026-09-29","2026-10-10"
"spotify:track:3CosJq581mzJNTsk150j33","Patience","Shawn Mendes","7n2wHs1TKAczGzO7Dd2rGr","dz:1106418052","2026-09-29","2026-10-10"
"spotify:track:5gFOehWosdUL68Yq1msEWc","Bad Reputation","Shawn Mendes","7n2wHs1TKAczGzO7Dd2rGr","dz:1106418052","2026-09-29","2026-10-10"
"spotify:track:2Ibx3NbkQhMT8GsJ3AJWHx","Understand","Shawn Mendes","7n2wHs1TKAczGzO7Dd2rGr","dz:1106418052","2026-09-29","2026-10-10"
"spotify:track:23bAJQlC31hz9zYGgbfR6v","Hold On","Shawn Mendes","7n2wHs1TKAczGzO7Dd2rGr","dz:1106418052","2026-09-29","2026-10-10"
"spotify:track:3tC4wFv4o2V9g3pHdxM6Ji","Roses","Shawn Mendes","7n2wHs1TKAczGzO7Dd2rGr","dz:1106418052","2026-09-29","2026-10-10"
"spotify:track:7j5ZpezBLswjQv3gpLoZQT","Cold In California (2016 Demo)","Shawn Mendes","7n2wHs1TKAczGzO7Dd2rGr","dz:1106418052","2026-09-29","2026-10-10"
"spotify:track:4CniK4ywlvmnv9ofA4RMhv","What If I Told You A Story (2016 Demo)","Shawn Mendes","7n2wHs1TKAczGzO7Dd2rGr","dz:1106418052","2026-09-29","2026-10-10"
"spotify:track:1FvjDYcfKpSM9OPQ9zxXfm","She’ll Be The One (2016 Demo)","Shawn Mendes","7n2wHs1TKAczGzO7Dd2rGr","dz:1106418052","2026-09-29","2026-10-10"
"spotify:track:12yqB34Wr4XkyLPt0tbpSu","Treat You Better (Live From New York)","Shawn Mendes","7n2wHs1TKAczGzO7Dd2rGr","dz:1106418052","2026-09-29","2026-10-10"
"spotify:track:2sXqnzkXSeV0BXAH4EqsRM","Ruin (Live From Boston)","Shawn Mendes","7n2wHs1TKAczGzO7Dd2rGr","dz:1106418052","2026-09-29","2026-10-10"
"spotify:track:69IrDP65I6LFXc1BK8lVHO","Mercy (Live From Montreal)","Shawn Mendes","7n2wHs1TKAczGzO7Dd2rGr","dz:1106418052","2026-09-29","2026-10-10"
"spotify:track:7yujaQljrBTlYxbrMQ2HUj","Amsterdam","Erik Lindeman","3n3KUrOk92Xm3ks9WYtrjH","dz:1079426602","2026-09-29","2026-10-10"
"spotify:track:37ozCcwvtF0dZ0Z57sp24a","Chop Suey","First to Eleven","3Cpk1xlScqbYhmv5EqoI4Y","dz:1110795872","2026-09-30","2026-10-10"
"spotify:track:1SOJigq4mUJ1Sza4BswL2N","No Time To Think","Bleeding Fingers, Thom Lukas","1UpmxFaO2uAw5IPK1JUxib|0CtSL7Vfhk25GLfJ4UMXlX","dz:1111142252","2026-09-30","2026-10-10"
"spotify:track:34nrGDzmd5h8JbvqP5wnHK","Giving Verdict Vibes","Bleeding Fingers, Niccolo Pacella","1UpmxFaO2uAw5IPK1JUxib|3hqBV626iVrywoEFjGBvNi","dz:1111142252","2026-09-30","2026-10-10"
"spotify:track:5tolK6h5FX1qOGrs9Hzvcv","Split The Baby","Bleeding Fingers, Nga Weng Chio, Ho-Ling Tang","1UpmxFaO2uAw5IPK1JUxib|4YAhNzWmr2JGXDVANTUUsR|1zjMbFMDhgI1z64HLRqPGH","dz:1111142252","2026-09-30","2026-10-10"
"spotify:track:78LTFGgvqoq1uRZzoxdX0V","Off The Fence","Bleeding Fingers, Giovanni Rios, Argin Hovsepian","1UpmxFaO2uAw5IPK1JUxib|5bJbyAOugvWGdfwZ2Yzptl|2V2R2q6vFjMvRBqH7Pvg6l","dz:1111142252","2026-09-30","2026-10-10"
"spotify:track:7bRozfjwoLbniOMFPrKubn","The Final Cutdown","Bleeding Fingers, Stewart Mitchell, Lauryn Kurniawan","1UpmxFaO2uAw5IPK1JUxib|6ZhRTQ1KKtcF7uKenhyB6b|7Ih7KFfUwkAtBDi0h4rY6a","dz:1111142252","2026-09-30","2026-10-10"
"spotify:track:314YoddslZ18PioDu03qwQ","Endgame On","Bleeding Fingers, Sami Goldberg, Mariana Calegari","1UpmxFaO2uAw5IPK1JUxib|4sgIqswGo3Rsyf661saJ9m|2iQbASUECsHncuJARvyNyO","dz:1111142252","2026-09-30","2026-10-10"
"spotify:track:1upfpDFLkJJp7OIpuDmBWY","Best Guess Scenario","Bleeding Fingers, David Murillo R.","1UpmxFaO2uAw5IPK1JUxib|5Yt6bIVyIFvzJBOilw1CVn","dz:1111142252","2026-09-30","2026-10-10"
"spotify:track:6FU8H3H9YsDT9vBP8X466o","The Drop Zone","Bleeding Fingers, Martí Noguer","1UpmxFaO2uAw5IPK1JUxib|4ft7psseU7KrZm2NnadK0V","dz:1111142252","2026-09-30","2026-10-10"
"spotify:track:2g4xPLXBFnJxxYv1ONU5UK","Next To Go","Bleeding Fingers, Ricky Corona","1UpmxFaO2uAw5IPK1JUxib|6tPucJOjlGweXcDDR4Tgsx","dz:1111142252","2026-09-30","2026-10-10"
"spotify:track:3klIJ9KYtTyPtf06FWavea","Coin Toss","Bleeding Fingers, Julian Bold","1UpmxFaO2uAw5IPK1JUxib|6uG3sa8P4PpNDtnEUz8TZJ","dz:1111142252","2026-09-30","2026-10-10"
"spotify:track:1OgnP8XWuuoMY3vSZE5ca2","Mi Ayuda Viene del Señor","Alabanzas Cristianas, Canciones Cristianas, Música Cristiana","2QuvmDcAU2EFX08IoA8qIO|49DuLm2HzOCTqyZg6nmJN9|6dUAH3TCCbFFHHOk528TbN","dz:1109843492","2026-09-30","2026-10-10"
"spotify:track:212rq9yaNZe4tWoFsHQGqo","Nada Es Casualidad","Alabanzas Cristianas, Canciones Cristianas, Música Cristiana","2QuvmDcAU2EFX08IoA8qIO|49DuLm2HzOCTqyZg6nmJN9|6dUAH3TCCbFFHHOk528TbN","dz:1109843492","2026-09-30","2026-10-10"
"spotify:track:6qL7oAe7AZPOIEcsrvzzTD","Nunca Es Tarde Para Comenzar","Alabanzas Cristianas, Canciones Cristianas, Música Cristiana","2QuvmDcAU2EFX08IoA8qIO|49DuLm2HzOCTqyZg6nmJN9|6dUAH3TCCbFFHHOk528TbN","dz:1109843492","2026-09-30","2026-10-10"
"spotify:track:0EeELyHpcBPQtecckExfh8","Salmo 1 (Bienaventurado el Varón)","Alabanzas Cristianas, Canciones Cristianas, Música Cristiana","2QuvmDcAU2EFX08IoA8qIO|49DuLm2HzOCTqyZg6nmJN9|6dUAH3TCCbFFHHOk528TbN","dz:1109843492","2026-09-30","2026-10-10"
"spotify:track:7DcGJkuOrLm97mGQjy1fqm","Salmo 8 (Cuán Grande Es Tu Nombre)","Alabanzas Cristianas, Canciones Cristianas, Música Cristiana","2QuvmDcAU2EFX08IoA8qIO|49DuLm2HzOCTqyZg6nmJN9|6dUAH3TCCbFFHHOk528TbN","dz:1109843492","2026-09-30","2026-10-10"
"spotify:track:38TxUwxpMhQ2IaYYe6vO8w","Salmo 40 (Puso en Mi Boca Un Nuevo Cántico)","Alabanzas Cristianas, Canciones Cristianas, Música Cristiana","2QuvmDcAU2EFX08IoA8qIO|49DuLm2HzOCTqyZg6nmJN9|6dUAH3TCCbFFHHOk528TbN","dz:1109843492","2026-09-30","2026-10-10"
"spotify:track:26IPiyPHVIrTWmKRXpDHvu","Salmo 73 (Mi Porción Es Dios)","Alabanzas Cristianas, Canciones Cristianas, Música Cristiana","2QuvmDcAU2EFX08IoA8qIO|49DuLm2HzOCTqyZg6nmJN9|6dUAH3TCCbFFHHOk528TbN","dz:1109843492","2026-09-30","2026-10-10"
"spotify:track:6U6Vay5whoz4CCkj0GO21O","Salmo 107 (Alaben al Señor Por Su Misericordia)","Alabanzas Cristianas, Canciones Cristianas, Música Cristiana","2QuvmDcAU2EFX08IoA8qIO|49DuLm2HzOCTqyZg6nmJN9|6dUAH3TCCbFFHHOk528TbN","dz:1109843492","2026-09-30","2026-10-10"
"spotify:track:1B5qdAG0yAdgXiMEtHWpyP","Se Fue el Miedo, Llegó la Fe","Alabanzas Cristianas, Canciones Cristianas, Música Cristiana","2QuvmDcAU2EFX08IoA8qIO|49DuLm2HzOCTqyZg6nmJN9|6dUAH3TCCbFFHHOk528TbN","dz:1109843492","2026-09-30","2026-10-10"
"spotify:track:4C9p5BhQ3qnJulOTPtJtrq","Sonrisa del Cielo","Alabanzas Cristianas, Canciones Cristianas, Música Cristiana","2QuvmDcAU2EFX08IoA8qIO|49DuLm2HzOCTqyZg6nmJN9|6dUAH3TCCbFFHHOk528TbN","dz:1109843492","2026-09-30","2026-10-10"
"spotify:track:2wfePm93cBWmwI7vFWhGRe","Jesús entra en tu madrugada","Alabanzas Cristianas","2QuvmDcAU2EFX08IoA8qIO","dz:1080127712","2026-09-30","2026-10-10"
"spotify:track:1K0oxpze16rcDiiDlTqSmz","wasdubrauchst","Noel, Yung Vision","2DYIxpL09GhCv9HJip6Ppu|1FlVGBhTHuIl5ccsmvbMvK","dz:1110367082","2026-09-30","2026-10-10"
"spotify:track:7hIjUQv6YleRTM0YS4PynL","She's Got A Way - Live At Alchemix Studio","Bradley McCaw","6WBjKhWSZmfAdHoeUIzaVR","dz:1104896082","2026-09-30","2026-10-10"
"spotify:track:4WpFbTsZ5E5TWMr3Ee4pnS","My Life - Live At Alchemix Studio","Bradley McCaw","6WBjKhWSZmfAdHoeUIzaVR","dz:1104896082","2026-09-30","2026-10-10"
"spotify:track:6OrvQ9LJvvv5NgtxCc8i0s","Movin' Out (Anthony's Song) - Live At Alchemix Studio","Bradley McCaw","6WBjKhWSZmfAdHoeUIzaVR","dz:1104896082","2026-09-30","2026-10-10"
"spotify:track:3VuKnG6vS6utZeJ7RXWmsD","She's Always A Woman - Live At Alchemix Studio","Bradley McCaw","6WBjKhWSZmfAdHoeUIzaVR","dz:1104896082","2026-09-30","2026-10-10"
"spotify:track:09Q2jaxdRnoxnyjouotwdn","One Red Lego","DJ Fire House","3KFuFqRC9QwlyMSaCUQVFU","dz:1101548382","2026-09-30","2026-10-10"
"spotify:track:30BpnLAp7FAUF1qtSjemeR","AMBER DAWN TIDE","Sunny Ray","6uYoqnn4zrANrFMdTXjhYF","dz:1102699342","2026-09-30","2026-10-10"
"spotify:track:0bw2zUNgeVmw1WjcRmu1Po","AMBER MORNING MIST","Sunny Ray","6uYoqnn4zrANrFMdTXjhYF","dz:1102708402","2026-09-30","2026-10-10"
"spotify:track:1zEndGIfz2FQqRDDydbcMZ","CEDAR BASS RESONANCE","Sunny Ray","6uYoqnn4zrANrFMdTXjhYF","dz:1102731092","2026-09-30","2026-10-10"
"spotify:track:1GzyYQA0lB2lhFzegwioJJ","CONCRETE ROOTS RISING","Sunny Ray","6uYoqnn4zrANrFMdTXjhYF","dz:1102734102","2026-09-30","2026-10-10"
"spotify:track:274iyD273V5l5RCrbugK5Z","BRINEWOOD RESONANCE","Sunny Ray","6uYoqnn4zrANrFMdTXjhYF","dz:1102737742","2026-09-30","2026-10-10"
"spotify:track:6RvuaGi0vHVcNYcWdcNyRz","Paul Revere","Jonny Quatro, Nate Quatro","5x14lJIr8aAD9IiK0uPdqB|5KJTdk3JKY1UF5gUCyszon","dz:1107139582","2026-09-30","2026-10-10"
"spotify:track:3WoioSXro4YgX8AoScMzO2","Find The Time","Matthew Barber","2mhqgf0GxdfXpO6gwLohyX","dz:1033874142","2026-09-30","2026-10-10"
"spotify:track:37Yg0qtLvKpYjKYSq4gmql","These Days","Matthew Barber","2mhqgf0GxdfXpO6gwLohyX","dz:1033874142","2026-09-30","2026-10-10"
"spotify:track:4yLG45uUlmzYSFUQjQ1Lfd","Free Loop - Stripped Down","Daniel Powter","7xTcuBOIAAIGDOSvwYFPzk","dz:1080184382","2026-09-30","2026-10-10"
"spotify:track:2Bf9PpdvXDAVsLSdyJacZR","Halloween Movie","Go-Jo, Sheppard","7CslUrDCYnm3vMtKZJZGNv|6VxCmtR7S3yz4vnzsJqhSV","dz:1081042572","2026-09-30","2026-10-10"
"spotify:track:32NcqYmAiGX8jXQ4K0IYAh","Say Hello Wave Goodbye","Matt Gresham","51ZJCe1WhaIDtkjJR5bVhO","dz:1111783142","2026-09-30","2026-10-10"
"spotify:track:6EINZcI05V9xNxYZC80T6m","Forever Young - 2026 Flashback Remix","Youth Group, Paul Mac, War Child Australia","51K48NCxjB11t9eqUWWoIq|2ZW29i2YE4YDQf6WemPJ4W|6sUxWZARLpqGR29ZgdmYOr","dz:1102250902","2026-09-30","2026-10-10"
"spotify:track:0jU2RfaqYgfP5rKYhuc1gy","A Question of Lust","Nouvelle Vague, Beth Hirsch","4h7NLIlg1oYdEtfQJfyto0|7a1nGgiWVcRP4PV6xkXQ96","dz:1064584631","2026-09-30","2026-10-10"
"spotify:track:3WI6xS9R7sAuy1U3FFyGPj","Lemonade - Live Session","Louis Tomlinson","57WHJIHrjOE3iAxpihhMnp","dz:1108319712","2026-09-30","2026-10-10"
"spotify:track:4m82uE68vnJZKUvBzl6Kqg","Lemonade","Louis Tomlinson","57WHJIHrjOE3iAxpihhMnp","dz:1108319712","2026-09-30","2026-10-10"
"spotify:track:3y9gBkeNVYn8QARzPm6YZu","The Ocean Stays","Sloane","4pMbZsrBHP9WrQA5xfpG1Z","dz:1110878622","2026-09-30","2026-10-10"
"spotify:track:6HYQAKxyNVgdYdJrCyQkz4","The Shape Your Fire Made","Sloane","4pMbZsrBHP9WrQA5xfpG1Z","dz:1110878622","2026-09-30","2026-10-10"
"spotify:track:5Eztap78MciCtXFdRKpVRr","Romance, Apparently","Sloane","4pMbZsrBHP9WrQA5xfpG1Z","dz:1110878622","2026-09-30","2026-10-10"
"spotify:track:31anMIeMGVpkpVYEJ6SUpp","The Morning After Tonight","Sloane","4pMbZsrBHP9WrQA5xfpG1Z","dz:1110878622","2026-09-30","2026-10-10"
"spotify:track:77Pwb5hhLWXGJG934VDu86","I wanna feel that again","Sloane","0dIHNRtVhvvwmSITRuYThx","dz:1102979762","2026-09-30","2026-10-10"
"spotify:track:5OTLupz3CEYKbc2Iw5jZt3","Kinda Happy Kinda Sad","CARSTN, HEY SOFIA","3Wb1mXnd1hXkGwys5m54YC|6k0Uz20Sl2peuzs2o7mhun","dz:1103681382","2026-09-30","2026-10-10"
"spotify:track:7KMET47modkdODfVlXGVtQ","The Worst Of It","Kestra","748JG8Y3uHYXlxZvU3rx3B","dz:1064751141","2026-09-30","2026-10-10"
"spotify:track:49qGakUzCcaktlvzYRXK9L","black33 - cabin version","Novo Amor, Yvette Young","0rZp7G3gIH6WkyeXbrZnGi|502QOcjJiKbhtG2MyrFkc8","dz:1104703852","2026-09-30","2026-10-10"
"spotify:track:3r3nyv5BZSeL9TMMZF5giT","black33","Novo Amor, Yvette Young","0rZp7G3gIH6WkyeXbrZnGi|502QOcjJiKbhtG2MyrFkc8","dz:1104703852","2026-09-30","2026-10-10"
"spotify:track:3b5FHBJSUeCeCEGa8qagRC","Peşimde Ki Sen","MOİ","5JOPn8TLaN7IMVZ7JIWOmC","dz:1107329012","2026-09-30","2026-10-10"
